date,pv
2019-03-29,100000.0
2019-04-01,100000.0
2019-04-02,100000.0
2019-04-03,100000.0
2019-04-04,100000.0
2019-04-05,100000.0
2019-04-08,100000.0
2019-04-09,99752.48
2019-04-10,99638.24
2019-04-11,99562.08
2019-04-12,99333.6
2019-04-15,99295.52
2019-04-16,99600.16
2019-04-17,99562.08
2019-04-18,100366.44
2019-04-22,100709.89
2019-04-23,101183.65
2019-04-24,101125.32
2019-04-25,100893.23
2019-04-26,102306.39
2019-04-29,102030.38
2019-04-30,103182.58
2019-05-01,102561.23
2019-05-02,102640.51
2019-05-03,103866.58
2019-05-06,104229.67
2019-05-07,102852.58
2019-05-08,102375.86
2019-05-09,101257.71
2019-05-10,101619.9
2019-05-13,97903.12
2019-05-14,99779.4
2019-05-15,101447.51
2019-05-16,101258.59
2019-05-17,100191.04
2019-05-20,97617.5
2019-05-21,98817.07
2019-05-22,98372.31
2019-05-23,97300.14
2019-05-24,96521.46
2019-05-28,95285.78
2019-05-29,95262.7
2019-05-30,95783.12
2019-05-31,94785.08
2019-06-03,95087.82
2019-06-04,97968.58
2019-06-05,98060.95
2019-06-06,98963.55
2019-06-07,99569.19
2019-06-10,100875.2
2019-06-11,101637.01
2019-06-12,100660.01
2019-06-13,100873.68
2019-06-14,100673.42
2019-06-17,100488.1
2019-06-18,101665.21
2019-06-19,101611.11
2019-06-20,102350.87
2019-06-21,102374.66
2019-06-24,102198.24
2019-06-25,99658.92
2019-06-26,100571.96
2019-06-27,100892.47
2019-06-28,100968.78
2019-07-01,101159.58
2019-07-02,101018.34
2019-07-03,101018.34
2019-07-05,101018.34
2019-07-08,101018.34
2019-07-09,101018.34
2019-07-10,101018.34
2019-07-11,101018.34
2019-07-12,101018.34
2019-07-15,101049.97
2019-07-16,101115.11
2019-07-17,100793.16
2019-07-18,101025.78
2019-07-19,100194.31
2019-07-22,100049.07
2019-07-23,100033.6
2019-07-24,101362.81
2019-07-25,101830.69
2019-07-26,102434.67
2019-07-29,102337.92
2019-07-30,101846.36
2019-07-31,101214.58
2019-08-01,101209.02
2019-08-02,101199.99
2019-08-05,97755.1
2019-08-06,99275.85
2019-08-07,98699.28
2019-08-08,101523.74
2019-08-09,100689.77
2019-08-12,98696.14
2019-08-13,100540.59
2019-08-14,96906.03
2019-08-15,95301.85
2019-08-16,96857.37
2019-08-19,98267.46
2019-08-20,97999.62
2019-08-21,98463.15
2019-08-22,98801.38
2019-08-23,96691.53
2019-08-26,97519.29
2019-08-27,97371.56
2019-08-28,97582.58
2019-08-29,98158.81
2019-08-30,98501.15
2019-09-03,98278.73
2019-09-04,98742.89
2019-09-05,98902.08
2019-09-06,98937.83
2019-09-09,98757.61
2019-09-10,98789.11
2019-09-11,99051.83
2019-09-12,99290.28
2019-09-13,99203.55
2019-09-16,99283.8
2019-09-17,99438.05
2019-09-18,99584.85
2019-09-19,99815.98
2019-09-20,100105.51
2019-09-23,99944.43
2019-09-24,99805.89
2019-09-25,99714.75
2019-09-26,99856.93
2019-09-27,99680.12
2019-09-30,99911.62
2019-10-01,99807.71
2019-10-02,99444.97
2019-10-03,99649.12
2019-10-04,100061.09
2019-10-07,99949.9
2019-10-08,99749.38
2019-10-09,99911.62
2019-10-10,99835.06
2019-10-11,99940.78
2019-10-14,100004.59
2019-10-15,100068.38
2019-10-16,99960.83
2019-10-17,99842.34
2019-10-18,100002.76
2019-10-21,99973.59
2019-10-22,99570.31
2019-10-23,99745.03
2019-10-24,100033.71
2019-10-25,99608.25
2019-10-28,99714.35
2019-10-29,99697.24
2019-10-30,100162.77
2019-10-31,99639.8
2019-11-01,99929.68
2019-11-04,100100.33
2019-11-05,100387.34
2019-11-06,100728.83
2019-11-07,100781.14
2019-11-08,100576.91
2019-11-11,101257.41
2019-11-12,101700.36
2019-11-13,102318.13
2019-11-14,102513.24
2019-11-15,102992.51
2019-11-18,103158.62
2019-11-19,102890.86
2019-11-20,102888.8
2019-11-21,102406.89
2019-11-22,102752.88
2019-11-25,102784.99
2019-11-26,103103.95
2019-11-27,103528.63
2019-11-29,103367.08
2019-12-02,102927.75
2019-12-03,102713.03
2019-12-04,103055.1
2019-12-05,103370.57
2019-12-06,104122.84
2019-12-09,103800.64
2019-12-10,103809.44
2019-12-11,104242.88
2019-12-12,104707.3
2019-12-13,104788.9
2019-12-16,104905.5
2019-12-17,104954.24
2019-12-18,104795.36
2019-12-19,105144.67
2019-12-20,104994.81
2019-12-23,104977.8
2019-12-24,105010.29
2019-12-26,105086.83
2019-12-27,105211.92
2019-12-30,105123.86
2019-12-31,105182.81
2020-01-02,105358.41
2020-01-03,105294.55
2020-01-06,105208.59
2020-01-07,105175.44
2020-01-08,105300.69
2020-01-09,105503.31
2020-01-10,105457.88
2020-01-13,105570.85
2020-01-14,105584.36
2020-01-15,105584.36
2020-01-16,105657.58
2020-01-17,105485.49
2020-01-21,105600.83
2020-01-22,105694.19
2020-01-23,106269.08
2020-01-24,106291.05
2020-01-27,105618.58
2020-01-28,105723.39
2020-01-29,105698.43
2020-01-30,106105.97
2020-01-31,103336.83
2020-02-03,103013.53
2020-02-04,105263.26
2020-02-05,106675.15
2020-02-06,106890.09
2020-02-07,106121.63
2020-02-10,106961.96
2020-02-11,106546.98
2020-02-12,107208.15
2020-02-13,107404.45
2020-02-14,107286.91
2020-02-18,107376.0
2020-02-19,107456.4
2020-02-20,107083.36
2020-02-21,106504.02
2020-02-24,103654.11
2020-02-25,99763.02
2020-02-26,100554.11
2020-02-27,95407.89
2020-02-28,92480.32
2020-03-02,98386.98
2020-03-03,94844.04
2020-03-04,98800.08
2020-03-05,95889.41
2020-03-06,93823.28
2020-03-09,86496.2
2020-03-10,91132.47
2020-03-11,86626.7
2020-03-12,79899.54
2020-03-13,84151.47
2020-03-16,81183.78
2020-03-17,82652.4
2020-03-18,82014.04
2020-03-19,83145.99
2020-03-20,82105.28
2020-03-23,81547.07
2020-03-24,83550.21
2020-03-25,83820.13
2020-03-26,84603.32
2020-03-27,83953.84
2020-03-30,84407.9
2020-03-31,84349.71
2020-04-01,83594.53
2020-04-02,83645.39
2020-04-03,83498.28
2020-04-06,84045.41
2020-04-07,84111.61
2020-04-08,84209.72
2020-04-09,84207.99
2020-04-13,84223.41
2020-04-14,84443.48
2020-04-15,84368.33
2020-04-16,84368.33
2020-04-17,84368.33
2020-04-20,84368.33
2020-04-21,84368.33
2020-04-22,84368.33
2020-04-23,84368.33
2020-04-24,84368.33
2020-04-27,84368.33
2020-04-28,84368.33
2020-04-29,84368.33
2020-04-30,84368.33
2020-05-01,84368.33
2020-05-04,84368.33
2020-05-05,84368.33
2020-05-06,84368.33
2020-05-07,84368.33
2020-05-08,84368.33
2020-05-11,84368.33
2020-05-12,84368.33
2020-05-13,84368.33
2020-05-14,84480.6
2020-05-15,84185.89
2020-05-18,85787.6
2020-05-19,85408.15
2020-05-20,86200.44
2020-05-21,86425.03
2020-05-22,86450.9
2020-05-26,86757.26
2020-05-27,87141.49
2020-05-28,87187.8
2020-05-29,87134.26
2020-06-01,87184.57
2020-06-02,87502.48
2020-06-03,87765.57
2020-06-04,87647.08
2020-06-05,87637.25
2020-06-08,87932.12
2020-06-09,87745.37
2020-06-10,87602.85
2020-06-11,86315.27
2020-06-12,86536.42
2020-06-15,86344.76
2020-06-16,87089.97
2020-06-17,86815.32
2020-06-18,86576.46
2020-06-19,86526.08
2020-06-22,86501.61
2020-06-23,86189.64
2020-06-24,85756.11
2020-06-25,85858.14
2020-06-26,85652.04
2020-06-29,86017.31
2020-06-30,85929.56
2020-07-01,85776.52
2020-07-02,85830.25
2020-07-06,85850.32
2020-07-07,85533.34
2020-07-08,85429.95
2020-07-09,85080.67
2020-07-10,85161.27
2020-07-13,85161.27
2020-07-14,85161.27
2020-07-15,85317.18
2020-07-16,85305.83
2020-07-17,85144.44
2020-07-20,85024.18
2020-07-21,85540.02
2020-07-22,85545.37
2020-07-23,85564.41
2020-07-24,85545.37
2020-07-27,85382.47
2020-07-28,85390.93
2020-07-29,85443.82
2020-07-30,85204.76
2020-07-31,85230.57
2020-08-03,85175.11
2020-08-04,85769.97
2020-08-05,86061.55
2020-08-06,86060.63
2020-08-07,86222.59
2020-08-10,86981.94
2020-08-11,87189.01
2020-08-12,87682.58
2020-08-13,87397.77
2020-08-14,87537.35
2020-08-17,87381.42
2020-08-18,87054.65
2020-08-19,86834.42
2020-08-20,86475.54
2020-08-21,86380.77
2020-08-24,86876.67
2020-08-25,86796.9
2020-08-26,86341.55
2020-08-27,86564.76
2020-08-28,86691.33
2020-08-31,86336.39
2020-09-01,86117.78
2020-09-02,86114.5
2020-09-03,85954.94
2020-09-04,85958.2
2020-09-08,84821.3
2020-09-09,85110.87
2020-09-10,84532.99
2020-09-11,84512.68
2020-09-14,84482.64
2020-09-15,84234.64
2020-09-16,85094.88
2020-09-17,84962.98
2020-09-18,84316.02
2020-09-21,84212.84
2020-09-22,84719.72
2020-09-23,82010.53
2020-09-24,82579.23
2020-09-25,84190.93
2020-09-28,85428.49
2020-09-29,85064.33
2020-09-30,85903.88
2020-10-01,86768.53
2020-10-02,85870.15
2020-10-05,87359.24
2020-10-06,86136.74
2020-10-07,87526.97
2020-10-08,88128.55
2020-10-09,89111.67
2020-10-12,90636.96
2020-10-13,90527.07
2020-10-14,89884.63
2020-10-15,89981.64
2020-10-16,90160.82
2020-10-19,89563.27
2020-10-20,89774.06
2020-10-21,89154.47
2020-10-22,90236.24
2020-10-23,90744.58
2020-10-26,88840.87
2020-10-27,88050.14
2020-10-28,86743.8
2020-10-29,86929.22
2020-10-30,87270.97
2020-11-02,88279.72
2020-11-03,89780.32
2020-11-04,89140.9
2020-11-05,90430.41
2020-11-06,89895.43
2020-11-09,95010.46
2020-11-10,95865.23
2020-11-11,96465.53
2020-11-12,95952.97
2020-11-13,96659.75
2020-11-16,97031.09
2020-11-17,96758.87
2020-11-18,96644.02
2020-11-19,96654.22
2020-11-20,96555.69
2020-11-23,96785.21
2020-11-24,97012.73
2020-11-25,97010.92
2020-11-27,97014.2
2020-11-30,97084.49
2020-12-01,96978.28
2020-12-02,96523.41
2020-12-03,96467.9
2020-12-04,96286.37
2020-12-07,96128.66
2020-12-08,96068.1
2020-12-09,96211.27
2020-12-10,96174.69
2020-12-11,96166.29
2020-12-14,96199.55
2020-12-15,96277.07
2020-12-16,96329.07
2020-12-17,96470.53
2020-12-18,96356.84
2020-12-21,96374.28
2020-12-22,96310.4
2020-12-23,96468.95
2020-12-24,96712.28
2020-12-28,96658.34
2020-12-29,97522.19
2020-12-30,97264.01
2020-12-31,97608.39
2021-01-04,97529.71
2021-01-05,97793.11
2021-01-06,97943.64
2021-01-07,97982.06
2021-01-08,98484.42
2021-01-11,98209.12
2021-01-12,98338.6
2021-01-13,98772.45
2021-01-14,97948.92
2021-01-15,97881.31
2021-01-19,97842.38
2021-01-20,100464.95
2021-01-21,100556.17
2021-01-22,100580.98
2021-01-25,100729.36
2021-01-26,100186.04
2021-01-27,98851.43
2021-01-28,100105.01
2021-01-29,98576.3
2021-02-01,98926.91
2021-02-02,100011.21
2021-02-03,99839.23
2021-02-04,100424.43
2021-02-05,101309.36
2021-02-08,101256.13
2021-02-09,100792.03
2021-02-10,100941.01
2021-02-11,101008.18
2021-02-12,101005.3
2021-02-16,100879.23
2021-02-17,101100.82
2021-02-18,101289.63
2021-02-19,100844.53
2021-02-22,100138.39
2021-02-23,99801.39
2021-02-24,99912.82
2021-02-25,98360.89
2021-02-26,98531.4
2021-03-01,100566.04
2021-03-02,99711.73
2021-03-03,98260.43
2021-03-04,97192.28
2021-03-05,97906.3
2021-03-08,96877.33
2021-03-09,98651.36
2021-03-10,98516.46
2021-03-11,99357.06
2021-03-12,99188.71
2021-03-15,100040.95
2021-03-16,100513.5
2021-03-17,100400.97
2021-03-18,99850.71
2021-03-19,99976.87
2021-03-22,100445.64
2021-03-23,100276.86
2021-03-24,100026.69
2021-03-25,100192.5
2021-03-26,100809.68
2021-03-29,101030.65
2021-03-30,101044.05
2021-03-31,100939.45
2021-04-01,101100.03
2021-04-05,100890.31
2021-04-06,101265.81
2021-04-07,101148.0
2021-04-08,101285.28
2021-04-09,101682.1
2021-04-12,101680.9
2021-04-13,101174.42
2021-04-14,101270.71
2021-04-15,101441.09
2021-04-16,101081.0
2021-04-19,101158.72
2021-04-20,99987.46
2021-04-21,100695.11
2021-04-22,100423.94
2021-04-23,100924.05
2021-04-26,101271.81
2021-04-27,100962.67
2021-04-28,100869.24
2021-04-29,101687.29
2021-04-30,101481.57
2021-05-03,101556.66
2021-05-04,101478.16
2021-05-05,101457.1
2021-05-06,102362.61
2021-05-07,103132.69
2021-05-10,101643.5
2021-05-11,101308.6
2021-05-12,98730.5
2021-05-13,100436.19
2021-05-14,102776.96
2021-05-17,101906.15
2021-05-18,101215.08
2021-05-19,101455.28
2021-05-20,103460.37
2021-05-21,103498.17
2021-05-24,104996.93
2021-05-25,105537.15
2021-05-26,105710.16
2021-05-27,105977.23
2021-05-28,105709.21
2021-06-01,105911.09
2021-06-02,106114.25
2021-06-03,105649.38
2021-06-04,105632.58
2021-06-07,105747.66
2021-06-08,105751.86
2021-06-09,105554.46
2021-06-10,105566.22
2021-06-11,105521.7
2021-06-14,105431.82
2021-06-15,105449.41
2021-06-16,105049.65
2021-06-17,104182.68
2021-06-18,104326.31
2021-06-21,105507.14
2021-06-22,106175.07
2021-06-23,106263.94
2021-06-24,107179.07
2021-06-25,110152.75
2021-06-28,109651.75
2021-06-29,109638.12
2021-06-30,110073.47
2021-07-01,110128.15
2021-07-02,110160.08
2021-07-06,109554.9
2021-07-07,109508.35
2021-07-08,109464.94
2021-07-09,109984.22
2021-07-12,109930.44
2021-07-13,108845.18
2021-07-14,108460.39
2021-07-15,108691.06
2021-07-16,107648.65
2021-07-19,106190.88
2021-07-20,109395.15
2021-07-21,112728.68
2021-07-22,111637.4
2021-07-23,111650.6
2021-07-26,112873.09
2021-07-27,112061.01
2021-07-28,112699.13
2021-07-29,113803.14
2021-07-30,112586.43
2021-08-02,112360.96
2021-08-03,113546.7
2021-08-04,112378.03
2021-08-05,113580.59
2021-08-06,114392.04
2021-08-09,113975.58
2021-08-10,114865.74
2021-08-11,115861.09
2021-08-12,115055.73
2021-08-13,114540.21
2021-08-16,114287.94
2021-08-17,113509.38
2021-08-18,112860.45
2021-08-19,112151.89
2021-08-20,112453.41
2021-08-23,113273.34
2021-08-24,113598.75
2021-08-25,113867.38
2021-08-26,113291.66
2021-08-27,113899.51
2021-08-30,113822.77
2021-08-31,113455.06
2021-09-01,112989.26
2021-09-02,113916.83
2021-09-03,113838.57
2021-09-07,113435.37
2021-09-08,112972.69
2021-09-09,113287.63
2021-09-10,113343.07
2021-09-13,113518.07
2021-09-14,112811.81
2021-09-15,113554.18
2021-09-16,113280.16
2021-09-17,112793.8
2021-09-20,111980.44
2021-09-21,111658.04
2021-09-22,113430.55
2021-09-23,115170.1
2021-09-24,113685.34
2021-09-27,113670.91
2021-09-28,112597.7
2021-09-29,112634.52
2021-09-30,111408.09
2021-10-01,111824.7
2021-10-04,110092.48
2021-10-05,110990.09
2021-10-06,111060.46
2021-10-07,112177.28
2021-10-08,111621.16
2021-10-11,110986.5
2021-10-12,110536.05
2021-10-13,111075.49
2021-10-14,112910.34
2021-10-15,113435.42
2021-10-18,114346.6
2021-10-19,115580.26
2021-10-20,115644.25
2021-10-21,116280.71
2021-10-22,115214.58
2021-10-25,115911.72
2021-10-26,114669.12
2021-10-27,114142.59
2021-10-28,114813.49
2021-10-29,115175.77
2021-11-01,116084.52
2021-11-02,116287.68
2021-11-03,116625.11
2021-11-04,116903.06
2021-11-05,118205.7
2021-11-08,118370.14
2021-11-09,117743.41
2021-11-10,117127.55
2021-11-11,116977.26
2021-11-12,117814.63
2021-11-15,118146.66
2021-11-16,117830.01
2021-11-17,117711.6
2021-11-18,117603.64
2021-11-19,117392.58
2021-11-22,118017.13
2021-11-23,119588.97
2021-11-24,119734.09
2021-11-26,116670.46
2021-11-29,117311.52
2021-11-30,115350.77
2021-12-01,114271.35
2021-12-02,116257.06
2021-12-03,115567.22
2021-12-06,117380.71
2021-12-07,119155.74
2021-12-08,118724.39
2021-12-09,118871.14
2021-12-10,119511.74
2021-12-13,118510.49
2021-12-14,118483.86
2021-12-15,119116.17
2021-12-16,119818.15
2021-12-17,117710.93
2021-12-20,116124.47
2021-12-21,118041.41
2021-12-22,118916.56
2021-12-23,119789.21
2021-12-27,121073.05
2021-12-28,121295.6
2021-12-29,121365.16
2021-12-30,121167.55
2021-12-31,120909.8
2022-01-03,120846.63
2022-01-04,121037.62
2022-01-05,118487.35
2022-01-06,118239.1
2022-01-07,117252.67
2022-01-10,116904.18
2022-01-11,117271.35
2022-01-12,117367.74
2022-01-13,115259.02
2022-01-14,116031.02
2022-01-18,113470.78
2022-01-19,113197.69
2022-01-20,112145.67
2022-01-21,110749.68
2022-01-24,111375.96
2022-01-25,111191.11
2022-01-26,111478.85
2022-01-27,111116.97
2022-01-28,114619.86
2022-01-31,117685.33
2022-02-01,119134.31
2022-02-02,119440.19
2022-02-03,117554.79
2022-02-04,118332.06
2022-02-07,117722.51
2022-02-08,118753.37
2022-02-09,119542.93
2022-02-10,117843.29
2022-02-11,116955.56
2022-02-14,116240.45
2022-02-15,117009.95
2022-02-16,116888.23
2022-02-17,115775.87
2022-02-18,114675.2
2022-02-22,113886.9
2022-02-23,113077.16
2022-02-24,113242.3
2022-02-25,116082.17
2022-02-28,114203.58
2022-03-01,111492.16
2022-03-02,114290.23
2022-03-03,113957.78
2022-03-04,113601.71
2022-03-07,111724.89
2022-03-08,112125.32
2022-03-09,114707.93
2022-03-10,113861.9
2022-03-11,113372.02
2022-03-14,113657.33
2022-03-15,115398.85
2022-03-16,117335.58
2022-03-17,117728.26
2022-03-18,117900.69
2022-03-21,117637.67
2022-03-22,118758.74
2022-03-23,118009.45
2022-03-24,118507.2
2022-03-25,118901.46
2022-03-28,118698.71
2022-03-29,119647.04
2022-03-30,119418.4
2022-03-31,118744.75
2022-04-01,118642.01
2022-04-04,118907.03
2022-04-05,118498.22
2022-04-06,118163.9
2022-04-07,118566.3
2022-04-08,118159.1
2022-04-11,117324.88
2022-04-12,117114.74
2022-04-13,117531.81
2022-04-14,116374.9
2022-04-18,116530.87
2022-04-19,116994.47
2022-04-20,117098.01
2022-04-21,116737.18
2022-04-22,116018.83
2022-04-25,116325.29
2022-04-26,114676.12
2022-04-27,115204.27
2022-04-28,116984.41
2022-04-29,114681.23
2022-05-02,115728.98
2022-05-03,117755.38
2022-05-04,121507.41
2022-05-05,118905.96
2022-05-06,119633.8
2022-05-09,114621.62
2022-05-10,115598.36
2022-05-11,115619.93
2022-05-12,116260.92
2022-05-13,117318.77
2022-05-16,118542.02
2022-05-17,120250.81
2022-05-18,117294.98
2022-05-19,116726.8
2022-05-20,116634.47
2022-05-23,118183.27
2022-05-24,118702.65
2022-05-25,119826.41
2022-05-26,120711.32
2022-05-27,122531.55
2022-05-31,121971.46
2022-06-01,121864.84
2022-06-02,122515.23
2022-06-03,121618.13
2022-06-06,121799.65
2022-06-07,122654.22
2022-06-08,122084.53
2022-06-09,121052.95
2022-06-10,119997.01
2022-06-13,118902.96
2022-06-14,118468.08
2022-06-15,119791.8
2022-06-16,118082.02
2022-06-17,117843.97
2022-06-21,119870.18
2022-06-22,119507.53
2022-06-23,120121.99
2022-06-24,124778.14
2022-06-27,124080.4
2022-06-28,122438.06
2022-06-29,122640.97
2022-06-30,122668.22
2022-07-01,123831.07
2022-07-05,123179.58
2022-07-06,123506.35
2022-07-07,124034.99
2022-07-08,123780.34
2022-07-11,123476.05
2022-07-12,122654.45
2022-07-13,122430.93
2022-07-14,121931.38
2022-07-15,123263.78
2022-07-18,123152.73
2022-07-19,124339.11
2022-07-20,124288.48
2022-07-21,124509.58
2022-07-22,124610.64
2022-07-25,124649.62
2022-07-26,124413.53
2022-07-27,126263.79
2022-07-28,127416.89
2022-07-29,127188.67
2022-08-01,127266.98
2022-08-02,126375.85
2022-08-03,127752.91
2022-08-04,126477.76
2022-08-05,126140.42
2022-08-08,127087.18
2022-08-09,126817.17
2022-08-10,128393.93
2022-08-11,129158.57
2022-08-12,130933.51
2022-08-15,130879.3
2022-08-16,131372.55
2022-08-17,130561.85
2022-08-18,131143.24
2022-08-19,130479.98
2022-08-22,128786.65
2022-08-23,128669.48
2022-08-24,128751.13
2022-08-25,129275.52
2022-08-26,128627.75
2022-08-29,128515.25
2022-08-30,128386.42
2022-08-31,128428.16
2022-09-01,128569.69
2022-09-02,126444.52
2022-09-06,125314.86
2022-09-07,127981.58
2022-09-08,129518.42
2022-09-09,132509.97
2022-09-12,133546.72
2022-09-13,125854.16
2022-09-14,125358.39
2022-09-15,123695.31
2022-09-16,122282.31
2022-09-19,124534.39
2022-09-20,122453.89
2022-09-21,119727.09
2022-09-22,118831.22
2022-09-23,116463.53
2022-09-26,115424.7
2022-09-27,114841.51
2022-09-28,117071.53
2022-09-29,113083.7
2022-09-30,107799.23
2022-10-03,111243.32
2022-10-04,116200.31
2022-10-05,115445.16
2022-10-06,114053.02
2022-10-07,110716.68
2022-10-10,109856.91
2022-10-11,108401.39
2022-10-12,109121.78
2022-10-13,112765.95
2022-10-14,111524.47
2022-10-17,115747.82
2022-10-18,118094.23
2022-10-19,117025.37
2022-10-20,116572.68
2022-10-21,118925.58
2022-10-24,119308.94
2022-10-25,121116.44
2022-10-26,119650.25
2022-10-27,115675.82
2022-10-28,115255.77
2022-10-31,115006.76
2022-11-01,114326.93
2022-11-02,113341.88
2022-11-03,113400.21
2022-11-04,113922.0
2022-11-07,113972.34
2022-11-08,113972.34
2022-11-09,113972.34
2022-11-10,113972.34
2022-11-11,113972.34
2022-11-14,113972.34
2022-11-15,113972.34
2022-11-16,113972.34
2022-11-17,113972.34
2022-11-18,113972.34
2022-11-21,113972.34
2022-11-22,113972.34
2022-11-23,113972.34
2022-11-25,113972.34
2022-11-28,113972.34
2022-11-29,113972.34
2022-11-30,113972.34
2022-12-01,113972.34
2022-12-02,113972.34
2022-12-05,113972.34
2022-12-06,113972.34
2022-12-07,113636.27
2022-12-08,113704.54
2022-12-09,113662.52
2022-12-12,114146.13
2022-12-13,114034.13
2022-12-14,113473.45
2022-12-15,112690.42
2022-12-16,112546.81
2022-12-19,112895.31
2022-12-20,113746.06
2022-12-21,116039.39
2022-12-22,113665.25
2022-12-23,115212.12
2022-12-27,115794.95
2022-12-28,114588.41
2022-12-29,116590.85
2022-12-30,116923.96
2023-01-03,116316.52
2023-01-04,118311.01
2023-01-05,118580.05
2023-01-06,120511.05
2023-01-09,120163.89
2023-01-10,120640.5
2023-01-11,121057.64
2023-01-12,121761.77
2023-01-13,122072.37
2023-01-17,121830.53
2023-01-18,120656.87
2023-01-19,120555.45
2023-01-20,121241.61
2023-01-23,120845.28
2023-01-24,121628.7
2023-01-25,122239.74
2023-01-26,123445.05
2023-01-27,122165.07
2023-01-30,121571.08
2023-01-31,122347.64
2023-02-01,122056.0
2023-02-02,121079.0
2023-02-03,121623.19
2023-02-06,121908.52
2023-02-07,122280.57
2023-02-08,122345.09
2023-02-09,121988.62
2023-02-10,123158.19
2023-02-13,123318.67
2023-02-14,123309.84
2023-02-15,122472.83
2023-02-16,121573.33
2023-02-17,121563.18
2023-02-21,121482.6
2023-02-22,121532.63
2023-02-23,121290.36
2023-02-24,120458.85
2023-02-27,120766.46
2023-02-28,120258.42
2023-03-01,119774.25
2023-03-02,120518.94
2023-03-03,121927.36
2023-03-06,122247.3
2023-03-07,120153.42
2023-03-08,120911.85
2023-03-09,118669.38
2023-03-10,117887.26
2023-03-13,118020.16
2023-03-14,119403.09
2023-03-15,117397.18
2023-03-16,119505.97
2023-03-17,117933.37
2023-03-20,119863.9
2023-03-21,122658.15
2023-03-22,119885.55
2023-03-23,119758.69
2023-03-24,120177.84
2023-03-27,121689.34
2023-03-28,121838.23
2023-03-29,124248.67
2023-03-30,124556.91
2023-03-31,125589.46
2023-04-03,128516.65
2023-04-04,127726.32
2023-04-05,128002.4
2023-04-06,127653.56
2023-04-10,127727.87
2023-04-11,127863.38
2023-04-12,127899.01
2023-04-13,128568.48
2023-04-14,128583.24
2023-04-17,128849.71
2023-04-18,129755.8
2023-04-19,129695.85
2023-04-20,129335.87
2023-04-21,129261.11
2023-04-24,129870.73
2023-04-25,129164.41
2023-04-26,128860.65
2023-04-27,129371.64
2023-04-28,130399.19
2023-05-01,129579.02
2023-05-02,128724.87
2023-05-03,128322.43
2023-05-04,127275.77
2023-05-05,128572.81
2023-05-08,128215.22
2023-05-09,127780.72
2023-05-10,127786.74
2023-05-11,126667.39
2023-05-12,126198.01
2023-05-15,127471.06
2023-05-16,124744.67
2023-05-17,126814.4
2023-05-18,128036.35
2023-05-19,126970.06
2023-05-22,127172.08
2023-05-23,127516.47
2023-05-24,126776.88
2023-05-25,126048.8
2023-05-26,127632.1
2023-05-30,128213.38
2023-05-31,127984.06
2023-06-01,127354.63
2023-06-02,130738.1
2023-06-05,129713.43
2023-06-06,130074.03
2023-06-07,131133.97
2023-06-08,131604.83
2023-06-09,131444.1
2023-06-12,132361.13
2023-06-13,133107.04
2023-06-14,133789.13
2023-06-15,134175.34
2023-06-16,135003.84
2023-06-20,133321.62
2023-06-21,133174.23
2023-06-22,132755.19
2023-06-23,131782.5
2023-06-26,132377.38
2023-06-27,132838.64
2023-06-28,132655.26
2023-06-29,133257.89
2023-06-30,133404.82
2023-07-03,133513.71
2023-07-05,132527.86
2023-07-06,130040.17
2023-07-07,130078.05
2023-07-10,131346.86
2023-07-11,132793.35
2023-07-12,133504.16
2023-07-13,133649.05
2023-07-14,133457.35
2023-07-17,133000.79
2023-07-18,134575.49
2023-07-19,134871.49
2023-07-20,134993.18
2023-07-21,135166.75
2023-07-24,135403.98
2023-07-25,135460.07
2023-07-26,135367.6
2023-07-27,135240.27
2023-07-28,135180.39
2023-07-31,135543.44
2023-08-01,135440.36
2023-08-02,135245.58
2023-08-03,135241.03
2023-08-04,136044.22
2023-08-07,135608.54
2023-08-08,135217.31
2023-08-09,134991.19
2023-08-10,134851.53
2023-08-11,134881.12
2023-08-14,134741.01
2023-08-15,133858.36
2023-08-16,133549.89
2023-08-17,133673.6
2023-08-18,133487.01
2023-08-21,133796.96
2023-08-22,133085.61
2023-08-23,133854.12
2023-08-24,133054.05
2023-08-25,133298.76
2023-08-28,134727.05
2023-08-29,136784.08
2023-08-30,136606.67
2023-08-31,136276.88
2023-09-01,137061.34
2023-09-05,136551.07
2023-09-06,136069.01
2023-09-07,135374.96
2023-09-08,135778.6
2023-09-11,136344.62
2023-09-12,136899.98
2023-09-13,137423.21
2023-09-14,139084.5
2023-09-15,137608.05
2023-09-18,138386.92
2023-09-19,137789.84
2023-09-20,137317.66
2023-09-21,135370.02
2023-09-22,134969.83
2023-09-25,135140.63
2023-09-26,133931.27
2023-09-27,133673.39
2023-09-28,133641.24
2023-09-29,133128.09
2023-10-02,132439.94
2023-10-03,131645.87
2023-10-04,131780.53
2023-10-05,132387.36
2023-10-06,133601.4
2023-10-09,134592.92
2023-10-10,134994.69
2023-10-11,133543.83
2023-10-12,133662.49
2023-10-13,135047.59
2023-10-16,135243.75
2023-10-17,135519.02
2023-10-18,135099.64
2023-10-19,134920.8
2023-10-20,134329.57
2023-10-23,133291.99
2023-10-24,132798.7
2023-10-25,132670.2
2023-10-26,132641.7
2023-10-27,131295.99
2023-10-30,132510.67
2023-10-31,132503.89
2023-11-01,133691.76
2023-11-02,135733.17
2023-11-03,135988.81
2023-11-06,135707.98
2023-11-07,135602.95
2023-11-08,135320.89
2023-11-09,134522.41
2023-11-10,135044.96
2023-11-13,135209.27
2023-11-14,135822.41
2023-11-15,135883.52
2023-11-16,136258.37
2023-11-17,135998.22
2023-11-20,136289.12
2023-11-21,136101.55
2023-11-22,136211.46
2023-11-24,136657.14
2023-11-27,136413.46
2023-11-28,136368.12
2023-11-29,136481.46
2023-11-30,136668.48
2023-12-01,136719.48
2023-12-04,136900.86
2023-12-05,137337.16
2023-12-06,136419.06
2023-12-07,137864.48
2023-12-08,137338.82
2023-12-11,137321.74
2023-12-12,137164.23
2023-12-13,135834.92
2023-12-14,134853.61
2023-12-15,135568.93
2023-12-18,137158.83
2023-12-19,138387.57
2023-12-20,137101.95
2023-12-21,138360.35
2023-12-22,139085.09
2023-12-26,139163.47
2023-12-27,139337.71
2023-12-28,139504.19
2023-12-29,139675.78
2024-01-02,141053.51
2024-01-03,141236.04
2024-01-04,141290.56
2024-01-05,140584.97
2024-01-08,141110.74
2024-01-09,141386.3
2024-01-10,141527.35
2024-01-11,141506.14
2024-01-12,141568.72
2024-01-16,141568.72
2024-01-17,141828.77
2024-01-18,141673.29
2024-01-19,142820.4
2024-01-22,144534.55
2024-01-23,144988.86
2024-01-24,145694.31
2024-01-25,146034.3
2024-01-26,146710.61
2024-01-29,147164.13
2024-01-30,148412.58
2024-01-31,147054.01
2024-02-01,146644.26
2024-02-02,147046.99
2024-02-05,145254.26
2024-02-06,146210.72
2024-02-07,147010.5
2024-02-08,147197.19
2024-02-09,147214.46
2024-02-12,148707.54
2024-02-13,146432.11
2024-02-14,146802.81
2024-02-15,150182.97
2024-02-16,149643.15
2024-02-20,149553.55
2024-02-21,149720.8
2024-02-22,150036.67
2024-02-23,150282.32
2024-02-26,149847.38
2024-02-27,150075.79
2024-02-28,149828.39
2024-02-29,150000.04
2024-03-01,149940.81
2024-03-04,149881.75
2024-03-05,149075.39
2024-03-06,149165.0
2024-03-07,149601.18
2024-03-08,149989.5
2024-03-11,150512.01
2024-03-12,150465.38
2024-03-13,150523.22
2024-03-14,150273.81
2024-03-15,150350.75
2024-03-18,149624.25
2024-03-19,151234.48
2024-03-20,152400.58
2024-03-21,151038.19
2024-03-22,151131.23
2024-03-25,150927.06
2024-03-26,150381.48
2024-03-27,153719.5
2024-03-28,153448.15
2024-04-01,152416.62
2024-04-02,151312.43
2024-04-03,150789.25
2024-04-04,148966.66
2024-04-05,148747.25
2024-04-08,148739.37
2024-04-09,149376.13
2024-04-10,148104.81
2024-04-11,148413.59
2024-04-12,148173.31
2024-04-15,148753.68
2024-04-16,150793.66
2024-04-17,151834.08
2024-04-18,152557.12
2024-04-19,153086.85
2024-04-22,153335.93
2024-04-23,155240.66
2024-04-24,154728.78
2024-04-25,155989.12
2024-04-26,156305.43
2024-04-29,155296.19
2024-04-30,152703.96
2024-05-01,153339.66
2024-05-02,154981.3
2024-05-03,157323.49
2024-05-06,159921.82
2024-05-07,160680.73
2024-05-08,161424.96
2024-05-09,162833.0
2024-05-10,163564.25
2024-05-13,163209.38
2024-05-14,163214.27
2024-05-15,164281.17
2024-05-16,163892.75
2024-05-17,164710.82
2024-05-20,164817.25
2024-05-21,164935.94
2024-05-22,165806.01
2024-05-23,165479.54
2024-05-24,165728.3
2024-05-28,165367.03
2024-05-29,165156.44
2024-05-30,164200.09
2024-05-31,165261.44
2024-06-03,165038.86
2024-06-04,165334.71
2024-06-05,166313.42
2024-06-06,165640.54
2024-06-07,165486.59
2024-06-10,165779.0
2024-06-11,165390.76
2024-06-12,165589.55
2024-06-13,165475.22
2024-06-14,165115.98
2024-06-17,165464.46
2024-06-18,165886.36
2024-06-20,166603.28
2024-06-21,166020.62
2024-06-24,168079.22
2024-06-25,166710.53
2024-06-26,166224.17
2024-06-27,166539.64
2024-06-28,168399.66
2024-07-01,168172.19
2024-07-02,168851.19
2024-07-03,168109.27
2024-07-05,167973.39
2024-07-08,168148.41
2024-07-09,168681.65
2024-07-10,169430.21
2024-07-11,169869.39
2024-07-12,169269.6
2024-07-15,169641.16
2024-07-16,171992.63
2024-07-17,172597.92
2024-07-18,170774.52
2024-07-19,170209.35
2024-07-22,171038.2
2024-07-23,170366.87
2024-07-24,170110.76
2024-07-25,169948.06
2024-07-26,169490.12
2024-07-29,169860.72
2024-07-30,167732.66
2024-07-31,169635.07
2024-08-01,169129.02
2024-08-02,167034.26
2024-08-05,163895.0
2024-08-06,164938.49
2024-08-07,165229.74
2024-08-08,168421.44
2024-08-09,169388.98
2024-08-12,168857.13
2024-08-13,171051.72
2024-08-14,171552.88
2024-08-15,173584.85
2024-08-16,173908.61
2024-08-19,175410.87
2024-08-20,176284.06
2024-08-21,176234.44
2024-08-22,174869.6
2024-08-23,175437.69
2024-08-26,175754.51
2024-08-27,175302.43
2024-08-28,174788.25
2024-08-29,174998.62
2024-08-30,175770.88
2024-09-03,174621.58
2024-09-04,174679.32
2024-09-05,174902.01
2024-09-06,174853.6
2024-09-09,175954.0
2024-09-10,176378.39
2024-09-11,176101.97
2024-09-12,176255.63
2024-09-13,177751.61
2024-09-16,178609.55
2024-09-17,179947.11
2024-09-18,180271.14
2024-09-19,183083.77
2024-09-20,183019.93
2024-09-23,184249.86
2024-09-24,184108.5
2024-09-25,182306.44
2024-09-26,184050.81
2024-09-27,185519.8
2024-09-30,186540.89
2024-10-01,186462.3
2024-10-02,186977.25
2024-10-03,186441.72
2024-10-04,187064.76
2024-10-07,187088.25
2024-10-08,187392.71
2024-10-09,189118.59
2024-10-10,188856.26
2024-10-11,189063.84
2024-10-14,189551.42
2024-10-15,189346.55
2024-10-16,189173.5
2024-10-17,189477.24
2024-10-18,189603.42
2024-10-21,189560.96
2024-10-22,189476.22
2024-10-23,189062.21
2024-10-24,188923.82
2024-10-25,187732.75
2024-10-28,188242.93
2024-10-29,186715.58
2024-10-30,186322.41
2024-10-31,186128.65
2024-11-01,187251.89
2024-11-04,185849.11
2024-11-05,187701.98
2024-11-06,187794.14
2024-11-07,190718.95
2024-11-08,193220.13
2024-11-11,193927.59
2024-11-12,194144.73
2024-11-13,194416.37
2024-11-14,194450.31
2024-11-15,194209.49
2024-11-18,194921.02
2024-11-19,194268.21
2024-11-20,195060.16
2024-11-21,196809.16
2024-11-22,197719.29
2024-11-25,199983.17
2024-11-26,200692.53
2024-11-27,201253.71
2024-11-29,201100.94
2024-12-02,201363.15
2024-12-03,202363.82
2024-12-04,203435.82
2024-12-05,202394.29
2024-12-06,201387.07
2024-12-09,202749.76
2024-12-10,201140.67
2024-12-11,200792.94
2024-12-12,199571.52
2024-12-13,200455.03
2024-12-16,200706.07
2024-12-17,200654.94
2024-12-18,198430.11
2024-12-19,197290.7
2024-12-20,198326.05
2024-12-23,198579.47
2024-12-24,198997.27
2024-12-26,199300.16
2024-12-27,199186.95
2024-12-30,197960.87
2024-12-31,199518.78
2025-01-02,199573.55
2025-01-03,200088.68
2025-01-06,199802.61
2025-01-07,200696.19
2025-01-08,200650.13
2025-01-10,201368.18
2025-01-13,201719.83
2025-01-14,200481.39
2025-01-15,201581.8
2025-01-16,201103.27
2025-01-17,201415.4
2025-01-21,201603.51
2025-01-22,203279.52
2025-01-23,203346.0
2025-01-24,202443.71
2025-01-27,201455.22
2025-01-28,202921.89
2025-01-29,203239.26
2025-01-30,203408.65
2025-01-31,202873.95
2025-02-03,201757.32
2025-02-04,200398.83
2025-02-05,199980.16
2025-02-06,199126.9
2025-02-07,196918.78
2025-02-10,197776.7
2025-02-11,199335.82
2025-02-12,198179.77
2025-02-13,197471.88
2025-02-14,197523.26
2025-02-18,197472.54
2025-02-19,198467.91
2025-02-20,199390.39
2025-02-21,197115.43
2025-02-24,196673.67
2025-02-25,198051.54
2025-02-26,196564.11
2025-02-27,195403.49
2025-02-28,199263.02
2025-03-03,195767.21
2025-03-04,192200.74
2025-03-05,195522.55
2025-03-06,190647.42
2025-03-07,189205.14
2025-03-10,182329.88
2025-03-11,182145.24
2025-03-12,181880.77
2025-03-13,178603.64
2025-03-14,182263.69
2025-03-17,183472.14
2025-03-18,183485.73
2025-03-19,184938.49
2025-03-20,185506.29
2025-03-21,185913.0
2025-03-24,189058.91
2025-03-25,189150.18
2025-03-26,187836.16
2025-03-27,186383.04
2025-03-28,183979.59
2025-03-31,185815.48
2025-04-01,185458.18
2025-04-02,187457.7
2025-04-03,173652.45
2025-04-04,164336.15
2025-04-07,161535.5
2025-04-08,155571.75
2025-04-09,168207.69
2025-04-10,163243.42
2025-04-11,165530.16
2025-04-14,167583.66
2025-04-15,166821.13
2025-04-16,164134.27
2025-04-17,166309.15
2025-04-21,163664.22
2025-04-22,166652.74
2025-04-23,168319.05
2025-04-24,170641.99
2025-04-25,170702.21
2025-04-28,171001.33
2025-04-29,171391.28
2025-04-30,171374.62
2025-05-01,171653.07
2025-05-02,174472.65
2025-05-05,172649.89
2025-05-06,172681.89
2025-05-07,173257.31
2025-05-08,173461.14
2025-05-09,172725.99
2025-05-12,176569.53
2025-05-13,176084.58
2025-05-14,175983.47
2025-05-15,178271.53
2025-05-16,179164.48
2025-05-19,180150.48
2025-05-20,180392.52
2025-05-21,179544.67
2025-05-22,179333.29
2025-05-23,179717.17
2025-05-27,180113.85
2025-05-28,179642.94
2025-05-29,179522.72
2025-05-30,179816.95
2025-06-02,179571.58
2025-06-03,180227.72
2025-06-04,179182.7
2025-06-05,178579.35
2025-06-06,180590.4
2025-06-09,181170.48
2025-06-10,183220.89
2025-06-11,184549.5
2025-06-12,186074.49
2025-06-13,188150.06
2025-06-16,185894.07
2025-06-17,186088.52
2025-06-18,185074.03
2025-06-20,184794.24
2025-06-23,185497.14
2025-06-24,185133.77
2025-06-25,184980.15
2025-06-26,185478.42
2025-06-27,187389.84
2025-06-30,187765.19
2025-07-01,188610.71
2025-07-02,188791.25
2025-07-03,188889.72
2025-07-07,188975.81
2025-07-08,188336.75
2025-07-09,188594.42
2025-07-10,188782.56
2025-07-11,189265.34
2025-07-14,189785.57
2025-07-15,189818.24
2025-07-16,189927.53
2025-07-17,189996.27
2025-07-18,190163.03
2025-07-21,190297.12
2025-07-22,190297.12
2025-07-23,190297.12
2025-07-24,190297.12
2025-07-25,190297.12
2025-07-28,190297.12
2025-07-29,190297.12
2025-07-30,190297.12
2025-07-31,190297.12
2025-08-01,191010.57
2025-08-04,192169.52
2025-08-05,191595.57
2025-08-06,190689.7
2025-08-07,191416.8
2025-08-08,192166.97
2025-08-11,191709.06
2025-08-12,193688.11
2025-08-13,195111.2
2025-08-14,194354.98
2025-08-15,190064.11
2025-08-18,190264.87
2025-08-19,190284.75
2025-08-20,190578.19
2025-08-21,190904.43
2025-08-22,192817.36
2025-08-25,192659.04
2025-08-26,192760.68
2025-08-27,193247.06
2025-08-28,193433.7
2025-08-29,193594.97
2025-09-02,193545.19
2025-09-03,192925.3
2025-09-04,193505.42
2025-09-05,191991.6
2025-09-08,192436.61
2025-09-09,193010.23
2025-09-10,194789.04
2025-09-11,195215.7
2025-09-12,195276.81
2025-09-15,195299.12
2025-09-16,195231.18
2025-09-17,194561.66
2025-09-18,195327.11
2025-09-19,195288.47
2025-09-22,196448.27
2025-09-23,196197.63
2025-09-24,196157.06
2025-09-25,195994.17
2025-09-26,196816.5
2025-09-29,196604.12
2025-09-30,197221.31
2025-10-01,196663.47
2025-10-02,197037.31
2025-10-03,195742.88
2025-10-06,195638.06
2025-10-07,196423.49
2025-10-08,197796.62
2025-10-09,198141.76
2025-10-10,195856.02
2025-10-13,196720.36
2025-10-14,195979.44
2025-10-15,196030.09
2025-10-16,195059.98
2025-10-17,196009.72
2025-10-20,198233.43
2025-10-21,198142.94
2025-10-22,194599.0
2025-10-23,195105.45
2025-10-24,196365.73
2025-10-27,196761.85
2025-10-28,196880.46
2025-10-29,196735.87
2025-10-30,196402.19
2025-10-31,195531.44
2025-11-03,194469.57
2025-11-04,194342.38
2025-11-05,197127.78
2025-11-06,195069.37
2025-11-07,197542.06
2025-11-10,198293.77
2025-11-11,200721.43
2025-11-12,201598.28
2025-11-13,200256.15
2025-11-14,199668.26
2025-11-17,199372.29
2025-11-18,198651.65
2025-11-19,198255.26
2025-11-20,200640.9
2025-11-21,201388.06
2025-11-24,200933.23
2025-11-25,203536.54
2025-11-26,206126.21
2025-11-28,207000.33
2025-12-01,205840.24
2025-12-02,206060.12
2025-12-03,208620.9
2025-12-04,209233.1
2025-12-05,210062.7
2025-12-08,208904.36
2025-12-09,207031.42
2025-12-10,206628.72
2025-12-11,208645.57
2025-12-12,209853.7
2025-12-15,210306.84
2025-12-16,209780.73
2025-12-17,208471.71
2025-12-18,210460.27
2025-12-19,211932.26
2025-12-22,213212.94
2025-12-23,214132.24
2025-12-24,214314.07
2025-12-26,214460.38
2025-12-29,213898.19
2025-12-30,213793.56
2025-12-31,213586.23
2026-01-02,214092.03
2026-01-05,214586.18
2026-01-06,214616.33
2026-01-07,214767.62
2026-01-08,214438.35
2026-01-09,214423.79
2026-01-12,214296.14
2026-01-13,214802.41
2026-01-14,213738.58
2026-01-15,213815.4
2026-01-16,213725.11
2026-01-20,212710.5
2026-01-21,212225.13
2026-01-22,211449.68
2026-01-23,212960.89
2026-01-26,212655.07
2026-01-27,212761.28
2026-01-28,212536.8
2026-01-29,211881.33
2026-01-30,211067.31
2026-02-02,209582.78
2026-02-03,206568.49
2026-02-04,206471.03
2026-02-05,204634.97
2026-02-06,207047.7
2026-02-09,207422.64
2026-02-10,207653.21
2026-02-11,206219.08
2026-02-12,202796.16
2026-02-13,202885.3
2026-02-17,203850.79
2026-02-18,204859.37
2026-02-19,204487.01
2026-02-20,205886.05
2026-02-23,204690.12
2026-02-24,206220.18
2026-02-25,208122.01
2026-02-26,207229.51
2026-02-27,204591.73
2026-03-02,204838.58
2026-03-03,203607.91
2026-03-04,204199.18
2026-03-05,202817.37
2026-03-06,201016.37
2026-03-09,201478.16
2026-03-10,200197.96
2026-03-11,199247.96
2026-03-12,195282.63
2026-03-13,194656.44
2026-03-16,195717.13
2026-03-17,195847.51
2026-03-18,195561.5
2026-03-19,195554.87
2026-03-20,193035.15
2026-03-23,195271.32
2026-03-24,195105.93
2026-03-25,197525.64
2026-03-26,193334.67
2026-03-27,191099.8
2026-03-30,189528.9
2026-03-31,194314.14
2026-04-01,197284.86
2026-04-02,196181.04
2026-04-06,198252.16
2026-04-07,194994.69
2026-04-08,201548.52
2026-04-09,203329.51
2026-04-10,201472.88
2026-04-13,202583.11
2026-04-14,204452.89
2026-04-15,205877.58
2026-04-16,204656.63
2026-04-17,207518.27
2026-04-20,208151.76
2026-04-21,206650.09
2026-04-22,206381.59
2026-04-23,206498.34
2026-04-24,208476.36
2026-04-27,209008.82
2026-04-28,209645.68
2026-04-29,208514.75
2026-04-30,210385.76
2026-05-01,210082.64
2026-05-04,208391.13
2026-05-05,208370.65
2026-05-06,211830.45
2026-05-07,211570.64
2026-05-08,209423.58
2026-05-11,211161.88
2026-05-12,212651.05
