symbol,direction,qty,entry_date,exit_date,entry_px,exit_px,return_pct,gross_pnl,hold_days
QCOM,short,284,2019-04-18,2019-04-24,66.56,73.59,-10.57,-1997.86,6
MU,long,518,2019-05-10,2019-05-20,38.04,33.89,-10.92,-2151.81,10
CAT,long,187,2019-05-10,2019-05-30,112.76,105.05,-6.83,-1440.96,20
ABBV,long,274,2019-06-04,2019-06-26,56.3,49.72,-11.69,-1803.3,22
MU,short,452,2019-07-11,2019-07-23,42.15,45.62,-8.24,-1569.11,12
AMZN,long,214,2019-07-30,2019-08-06,94.56,89.61,-5.23,-1058.12,7
NFLX,long,621,2019-07-19,2019-08-08,32.34,31.1,-3.82,-768.18,20
PFE,long,791,2019-08-02,2019-08-13,26.18,24.25,-7.37,-1526.75,11
CSCO,long,485,2019-08-08,2019-08-16,43.08,37.88,-12.07,-2521.09,8
MU,short,426,2019-09-05,2019-09-12,46.71,49.54,-6.05,-1204.68,7
AAPL,short,202,2019-08-01,2019-10-08,51.17,54.22,-5.97,-617.42,68
INTC,short,233,2019-07-22,2019-10-28,43.58,49.46,-13.5,-1370.6,98
BAC,short,811,2019-10-17,2019-11-06,25.73,27.82,-8.12,-1694.13,20
QCOM,short,277,2019-11-05,2019-11-08,73.27,77.39,-5.61,-1138.73,3
GOOGL,short,167,2019-07-29,2019-12-10,61.58,66.41,-7.84,-806.47,134
MU,short,413,2019-12-16,2019-12-23,51.45,53.86,-4.68,-994.75,7
MS,short,465,2020-01-15,2020-01-17,42.96,46.06,-7.2,-1439.01,2
MU,short,284,2019-12-23,2020-01-23,53.86,58.83,-9.23,-1412.39,31
XOM,long,392,2020-01-24,2020-02-04,49.69,45.89,-7.65,-1490.04,11
AMD,short,308,2020-01-10,2020-02-12,49.26,54.53,-10.7,-1623.16,33
AMZN,short,198,2020-02-03,2020-02-12,100.53,108.16,-7.59,-1510.74,9
META,long,73,2020-01-31,2020-02-28,206.62,181.11,-12.34,-1861.94,28
SBUX,long,203,2020-01-31,2020-02-28,74.19,66.18,-10.8,-1626.46,28
MRK,long,300,2020-02-06,2020-02-28,66.9,59.63,-10.86,-2179.09,22
AAPL,long,275,2020-02-25,2020-02-28,72.65,62.1,-14.52,-2900.4,3
PFE,long,787,2020-02-21,2020-03-02,24.96,23.67,-5.17,-1016.44,10
MSFT,long,122,2020-02-25,2020-03-02,165.12,156.69,-5.1,-1028.02,6
JPM,long,141,2020-03-02,2020-03-09,98.09,81.21,-17.2,-2378.72,7
BAC,long,568,2020-03-02,2020-03-09,24.21,19.1,-21.09,-2899.16,7
INTC,long,278,2020-03-02,2020-03-10,49.45,46.77,-5.43,-746.68,8
JPM,long,166,2020-03-09,2020-03-10,81.21,83.26,2.52,339.24,1
GOOGL,long,274,2020-03-09,2020-03-12,59.72,55.64,-6.83,-1118.14,3
AAPL,long,121,2020-03-02,2020-03-13,68.14,63.95,-6.16,-507.96,11
AMZN,long,146,2020-03-02,2020-03-13,95.32,87.75,-7.95,-1105.88,11
HD,long,49,2020-03-02,2020-03-13,187.6,172.08,-8.27,-760.05,11
CSCO,long,308,2020-03-10,2020-03-13,32.51,29.14,-10.37,-1038.27,3
ABBV,long,224,2020-03-10,2020-03-13,68.08,64.35,-5.48,-835.24,3
JNJ,long,122,2020-03-02,2020-03-17,113.31,108.07,-4.62,-638.97,15
CVX,long,118,2020-03-13,2020-03-17,60.76,53.48,-11.98,-858.78,4
KO,long,194,2020-03-17,2020-03-19,37.99,36.73,-3.31,-244.19,2
MCD,long,62,2020-03-18,2020-03-19,118.95,116.96,-1.67,-123.36,1
BA,long,26,2020-03-18,2020-03-19,99.86,98.8,-1.06,-27.56,1
HD,long,42,2020-03-19,2020-03-20,131.49,139.74,6.28,346.86,1
PG,long,53,2020-03-17,2020-03-24,95.15,86.42,-9.17,-462.43,7
NKE,long,52,2020-03-19,2020-03-24,61.06,59.84,-2.0,-63.46,5
BA,long,18,2020-03-31,2020-04-02,155.0,128.51,-17.09,-476.82,2
ABBV,short,219,2020-05-07,2020-05-19,67.79,71.5,-5.48,-813.34,12
AAPL,short,216,2020-06-15,2020-06-24,80.67,88.35,-9.53,-1660.02,9
NFLX,short,139,2020-04-17,2020-07-02,43.1,48.56,-12.68,-759.5,76
LMT,long,41,2020-06-16,2020-07-10,328.67,291.07,-11.44,-1541.87,24
AMZN,short,120,2020-07-06,2020-07-10,146.75,159.59,-8.75,-1540.74,4
AAPL,short,144,2020-06-24,2020-07-14,88.35,91.83,-3.93,-500.53,20
META,short,49,2020-08-10,2020-08-27,265.71,297.55,-11.98,-1560.18,17
AAPL,short,140,2020-08-25,2020-09-03,120.95,123.1,-1.77,-300.45,9
COP,long,199,2020-07-31,2020-09-09,30.11,28.32,-5.94,-355.79,40
AMAT,long,278,2020-09-08,2020-09-09,54.36,53.92,-0.81,-121.79,1
CVX,long,123,2020-08-03,2020-09-16,64.73,59.7,-7.77,-619.06,44
XOM,long,552,2020-09-09,2020-09-24,30.2,27.09,-10.3,-1716.9,15
GE,short,411,2020-10-12,2020-10-20,33.59,35.68,-6.21,-857.95,8
WFC,long,238,2020-07-15,2020-10-28,21.84,18.64,-14.66,-762.05,105
COP,long,539,2020-10-21,2020-10-28,26.47,24.15,-8.73,-1246.01,7
GOOGL,short,166,2020-10-22,2020-11-05,78.55,87.74,-11.7,-1525.71,14
GE,short,383,2020-10-29,2020-11-05,37.19,38.59,-3.79,-539.2,7
QCOM,short,115,2020-10-15,2020-11-06,112.67,129.23,-14.7,-1904.35,22
MU,short,341,2020-11-10,2020-11-17,53.76,59.48,-10.65,-1951.9,7
AMAT,short,274,2020-11-10,2020-11-20,67.58,73.75,-9.13,-1690.82,10
ABBV,short,236,2020-11-05,2020-11-24,76.66,82.7,-7.89,-1426.65,19
COP,short,394,2020-11-19,2020-11-24,31.85,36.26,-13.87,-1740.6,5
GE,short,222,2020-11-25,2020-12-10,51.12,53.79,-5.22,-592.74,15
GS,short,80,2020-12-18,2021-01-05,215.81,232.08,-7.53,-1300.92,18
MU,short,229,2021-01-06,2021-01-11,74.46,74.69,-0.3,-51.36,5
AMAT,short,189,2021-01-11,2021-01-15,90.39,100.46,-11.14,-1902.95,4
JNJ,short,121,2021-01-15,2021-01-27,137.55,145.12,-5.5,-915.74,12
GOOGL,short,184,2021-02-03,2021-02-04,102.37,102.13,0.24,45.51,1
C,short,158,2021-01-07,2021-03-02,55.55,57.79,-4.04,-354.6,54
CVX,short,210,2021-03-04,2021-03-11,84.1,89.84,-6.82,-1204.83,7
C,short,298,2021-03-04,2021-03-19,58.62,61.14,-4.3,-751.72,15
INTC,long,324,2021-04-26,2021-05-13,53.75,49.45,-8.0,-1393.01,17
AMZN,short,51,2021-04-30,2021-07-09,176.26,186.13,-5.6,-503.37,70
BA,long,38,2021-05-05,2021-07-20,232.45,208.1,-10.48,-925.3,76
MU,long,274,2021-08-12,2021-08-13,70.39,68.31,-2.95,-569.11,1
NKE,long,133,2021-09-07,2021-09-27,150.95,137.87,-8.67,-1740.29,20
COP,short,350,2021-09-29,2021-10-11,57.02,63.34,-11.09,-2213.1,12
NFLX,short,325,2021-10-01,2021-10-25,60.42,66.37,-9.85,-1933.75,24
UNH,short,49,2021-10-15,2021-10-27,387.96,417.91,-7.72,-1467.92,12
AMD,short,154,2021-10-27,2021-11-05,121.63,139.19,-14.44,-2704.24,9
QCOM,short,132,2021-11-05,2021-11-10,141.66,148.89,-5.11,-954.74,5
HD,short,57,2021-11-01,2021-11-19,331.03,361.76,-9.28,-1751.78,18
NVDA,short,446,2021-11-19,2021-11-23,32.14,31.43,2.2,314.74,4
AAPL,short,118,2021-11-23,2021-12-09,157.52,171.0,-8.56,-1590.83,16
PFE,short,331,2021-11-29,2021-12-16,43.45,45.98,-5.82,-837.05,17
MU,short,163,2021-12-02,2021-12-27,80.69,91.52,-13.42,-1765.19,25
NFLX,long,313,2022-01-05,2022-01-07,59.2,54.95,-7.19,-1331.5,2
XOM,short,316,2022-01-06,2022-01-18,58.21,62.33,-7.09,-1303.81,12
NFLX,long,327,2022-01-07,2022-01-19,54.95,51.5,-6.27,-1126.84,12
GS,long,50,2022-01-18,2022-01-19,322.2,320.68,-0.47,-76.07,1
SBUX,long,101,2021-11-01,2022-01-20,95.79,87.47,-8.69,-840.9,80
MSFT,long,44,2021-12-20,2022-01-24,308.3,281.47,-8.7,-1180.42,35
QQQ,long,48,2022-01-07,2022-01-24,373.59,336.5,-9.93,-1780.0,17
META,long,29,2021-10-13,2022-01-25,324.12,297.34,-8.26,-776.76,104
NFLX,long,224,2022-01-24,2022-01-25,38.39,37.91,-1.24,-106.85,1
CVX,short,177,2022-01-06,2022-01-26,103.23,110.98,-7.51,-1371.6,20
NVDA,long,368,2022-01-25,2022-01-31,22.47,23.11,2.82,233.31,6
META,long,36,2022-02-07,2022-02-09,235.63,222.25,-5.68,-481.77,2
PFE,long,436,2022-02-09,2022-02-23,40.99,37.78,-7.84,-1401.68,14
MS,long,211,2022-02-22,2022-03-02,82.32,76.56,-6.99,-1214.46,8
JPM,long,66,2022-01-25,2022-03-07,128.29,118.03,-7.99,-676.64,41
XOM,short,251,2022-03-03,2022-03-08,69.12,77.07,-11.51,-1996.45,5
MCD,long,78,2022-02-25,2022-03-09,221.73,205.55,-7.3,-1261.86,12
COP,short,150,2022-03-03,2022-03-28,83.09,89.8,-8.09,-1007.79,25
MRK,short,258,2022-03-21,2022-04-07,70.04,75.39,-7.63,-1379.12,17
LLY,short,64,2022-03-21,2022-04-08,277.43,296.95,-7.03,-1248.87,18
BAC,long,215,2022-03-07,2022-04-18,35.85,33.6,-6.29,-484.58,42
AMAT,long,105,2022-04-07,2022-04-27,114.77,104.45,-8.99,-1083.83,20
BA,long,77,2022-04-28,2022-05-10,156.61,136.76,-12.67,-1528.45,12
GE,long,314,2022-04-29,2022-05-11,47.26,44.98,-4.81,-714.26,12
AAPL,long,54,2022-01-25,2022-05-12,155.42,139.96,-9.95,-835.07,107
AAPL,long,75,2022-05-13,2022-06-17,141.74,127.51,-10.04,-1067.57,35
HON,long,110,2022-06-14,2022-07-06,168.12,156.88,-6.68,-1235.58,22
LLY,short,30,2022-04-08,2022-07-07,296.95,316.57,-6.61,-588.67,90
BA,short,100,2022-07-28,2022-08-02,154.02,167.0,-8.43,-1298.0,5
SBUX,short,262,2022-07-19,2022-08-04,73.66,79.2,-7.52,-1451.33,16
GS,short,66,2022-07-26,2022-08-12,291.43,320.11,-9.84,-1893.11,17
MU,long,140,2022-08-10,2022-09-08,58.85,53.44,-9.18,-756.58,29
NVDA,long,546,2022-09-02,2022-09-16,14.06,12.71,-9.6,-737.35,14
AMD,long,116,2022-09-02,2022-09-16,83.32,75.62,-9.24,-893.2,14
HON,long,114,2022-09-09,2022-09-19,172.58,160.61,-6.93,-1363.88,10
AMAT,long,126,2022-09-02,2022-09-26,90.23,81.64,-9.51,-1081.33,24
IWM,long,86,2022-09-02,2022-09-26,174.37,157.96,-9.41,-1410.88,24
NKE,long,148,2022-09-07,2022-09-26,97.81,89.45,-8.56,-1238.51,19
AAPL,long,96,2022-09-19,2022-10-03,146.58,135.68,-7.43,-1046.08,14
NKE,long,203,2022-09-26,2022-10-03,89.45,77.38,-13.49,-2448.95,7
MRK,short,111,2022-05-18,2022-10-27,81.38,89.21,-9.62,-869.38,162
LLY,short,43,2022-09-29,2022-10-27,324.12,348.41,-7.49,-1044.14,28
META,long,81,2022-10-24,2022-10-28,126.14,98.71,-21.74,-2221.76,4
AMZN,long,95,2022-10-14,2022-10-31,114.1,103.56,-9.24,-1001.3,17
HON,short,107,2022-10-27,2022-11-03,176.46,182.85,-3.63,-684.5,7
AMZN,long,105,2022-10-31,2022-11-03,103.56,92.47,-10.71,-1164.45,3
LMT,short,45,2022-10-25,2022-11-09,410.99,443.3,-7.86,-1454.14,15
GS,short,54,2022-11-03,2022-11-11,317.11,346.77,-9.35,-1601.51,8
SBUX,short,196,2022-11-07,2022-11-14,83.72,89.22,-6.57,-1077.27,7
ABBV,short,126,2022-11-15,2022-12-06,134.26,143.57,-6.94,-1173.4,21
NKE,short,154,2022-12-22,2023-01-09,106.71,116.71,-9.37,-1540.0,18
LLY,long,56,2023-01-23,2023-02-03,337.33,324.04,-3.94,-744.48,11
NFLX,long,520,2023-02-24,2023-03-10,31.93,29.79,-6.7,-1112.8,14
CVX,long,58,2022-12-19,2023-03-14,147.17,138.12,-6.14,-524.4,85
BAC,long,660,2023-03-13,2023-03-16,26.62,26.12,-1.87,-328.0,3
AAPL,short,93,2023-03-07,2023-04-04,151.37,164.07,-8.39,-1181.48,28
LLY,short,55,2023-04-05,2023-04-24,349.62,376.14,-7.58,-1458.51,19
NVDA,short,532,2023-04-19,2023-05-18,27.3,30.35,-11.14,-1618.75,29
NVDA,short,442,2023-05-26,2023-05-31,37.81,39.41,-4.22,-704.87,5
NKE,long,180,2023-05-22,2023-06-01,105.67,97.55,-7.68,-1461.29,10
NFLX,short,497,2023-05-31,2023-06-12,39.19,41.88,-6.87,-1338.92,12
NVDA,short,310,2023-05-31,2023-06-20,39.41,42.91,-8.9,-1087.25,20
QCOM,long,172,2023-08-04,2023-08-21,110.33,102.91,-6.73,-1276.32,17
NKE,long,160,2023-08-24,2023-09-26,92.72,84.83,-8.51,-1262.34,33
CVX,long,67,2023-03-14,2023-11-09,138.12,127.28,-7.85,-726.32,240
MSFT,short,44,2023-10-26,2023-11-13,333.37,360.47,-8.13,-1192.29,18
SBUX,short,211,2023-11-03,2023-11-17,93.85,100.51,-7.1,-1406.86,14
BA,short,95,2023-11-14,2023-11-24,207.25,220.61,-6.45,-1269.2,10
HD,short,68,2023-11-15,2023-12-07,283.64,306.21,-7.96,-1534.87,22
NKE,short,181,2023-11-30,2023-12-12,104.19,113.19,-8.64,-1629.83,12
AMD,short,143,2023-12-11,2023-12-13,130.56,137.97,-5.68,-1059.63,2
PFE,long,757,2023-12-04,2023-12-14,24.68,22.75,-7.79,-1454.7,10
INTC,short,398,2023-12-15,2023-12-27,45.33,49.96,-10.21,-1841.95,12
C,short,415,2023-12-07,2023-12-29,44.53,47.89,-7.55,-1395.38,22
AMAT,short,56,2023-12-18,2024-01-25,157.67,173.62,-10.12,-893.43,38
AMD,short,103,2024-01-19,2024-01-25,165.8,183.41,-10.62,-1813.83,6
LLY,short,29,2024-02-01,2024-02-06,636.21,729.26,-14.62,-2698.28,5
GE,short,179,2024-01-23,2024-02-14,100.35,112.43,-12.04,-2163.11,22
NFLX,short,334,2024-01-25,2024-02-16,55.19,59.69,-8.15,-1503.0,22
QCOM,short,63,2024-01-23,2024-03-05,145.16,157.22,-8.31,-759.55,42
NVDA,short,187,2024-02-26,2024-03-05,79.56,85.12,-6.99,-1040.49,8
AMD,short,69,2024-03-05,2024-03-11,200.5,203.01,-1.25,-173.19,6
MU,short,136,2024-03-05,2024-03-22,93.49,108.43,-15.98,-2031.62,17
C,short,323,2024-03-06,2024-03-22,53.51,57.24,-6.96,-1202.4,16
MU,short,129,2024-03-22,2024-03-26,108.43,118.04,-8.86,-1239.92,4
MU,short,113,2024-03-27,2024-04-04,118.34,129.25,-9.23,-1233.6,8
LLY,short,22,2024-05-22,2024-06-11,789.97,869.99,-10.13,-1760.49,20
UNH,short,17,2024-05-17,2024-07-18,497.75,539.59,-8.41,-711.24,62
NVDA,long,102,2024-07-26,2024-07-31,116.0,112.71,-2.83,-335.03,5
MRK,long,74,2024-03-11,2024-08-01,115.25,105.89,-8.12,-692.51,143
WFC,long,250,2024-07-15,2024-08-06,54.51,49.96,-8.36,-1139.51,22
NFLX,long,212,2024-07-18,2024-08-06,65.66,60.06,-8.53,-1186.78,19
NVDA,long,83,2024-08-05,2024-08-06,91.91,103.67,12.8,976.13,1
HD,short,52,2024-09-18,2024-10-09,367.55,401.92,-9.35,-1786.91,21
BAC,short,485,2024-10-16,2024-11-07,40.58,43.31,-6.7,-1319.71,22
GS,short,38,2024-10-17,2024-11-07,513.08,569.83,-11.06,-2156.53,21
KO,long,304,2024-10-24,2024-11-14,64.36,60.04,-6.71,-1312.95,21
WMT,short,233,2024-11-20,2024-12-04,85.25,91.99,-7.91,-1571.19,14
UNH,long,18,2024-10-18,2024-12-13,543.75,496.53,-8.69,-850.07,56
C,short,286,2025-01-07,2025-01-16,71.2,74.98,-5.32,-1082.84,9
NVDA,long,59,2025-01-14,2025-01-28,135.85,121.63,-10.47,-838.91,14
NVDA,long,91,2025-01-30,2025-02-04,122.92,116.79,-4.99,-557.91,5
MRK,long,110,2024-11-18,2025-02-05,90.99,85.86,-5.64,-564.55,79
JPM,short,82,2025-01-17,2025-02-07,246.65,269.1,-9.1,-1840.79,21
MRK,long,237,2025-02-05,2025-02-18,85.86,77.06,-10.24,-2084.56,13
AMD,long,101,2025-02-06,2025-02-28,110.93,99.56,-10.25,-1148.37,22
MS,long,161,2025-02-26,2025-03-07,126.32,115.01,-8.96,-1821.55,9
META,long,29,2025-03-05,2025-03-11,637.85,592.12,-7.17,-1326.0,6
WMT,long,163,2025-02-25,2025-03-13,93.09,83.8,-9.97,-1513.29,16
HD,long,40,2025-02-25,2025-03-14,370.36,339.46,-8.34,-1236.14,17
IWM,long,95,2025-02-26,2025-03-14,212.77,197.19,-7.32,-1480.03,16
BAC,long,364,2025-03-07,2025-04-04,40.19,34.34,-14.57,-2132.0,28
AMAT,long,113,2025-03-24,2025-04-04,153.93,127.81,-16.97,-2951.96,11
C,long,120,2025-03-11,2025-04-07,65.28,54.48,-16.54,-1295.63,27
CSCO,long,329,2025-03-24,2025-04-07,59.05,51.98,-11.97,-2324.55,14
LLY,long,23,2025-03-28,2025-04-07,812.57,691.61,-14.89,-2782.19,10
MSFT,long,51,2025-04-01,2025-04-08,371.0,364.67,-1.71,-322.72,7
AMD,long,105,2025-04-08,2025-04-09,86.15,79.22,-8.04,-727.65,1
MSFT,short,42,2025-05-02,2025-05-20,427.53,451.98,-5.72,-1026.73,18
MU,short,141,2025-05-13,2025-06-04,92.31,102.12,-10.62,-1382.51,22
MU,short,153,2025-06-06,2025-06-11,107.81,115.31,-6.96,-1147.63,5
AMD,short,129,2025-06-18,2025-06-25,128.01,140.94,-10.1,-1667.97,7
JPM,short,68,2025-06-23,2025-07-07,268.6,289.71,-7.86,-1435.14,14
AMD,short,81,2025-07-16,2025-07-29,155.31,175.21,-12.81,-1611.9,13
AMAT,long,76,2025-08-01,2025-08-18,175.31,160.63,-8.37,-1115.85,17
MU,short,100,2025-08-12,2025-09-10,124.5,139.8,-12.29,-1529.54,29
UNH,short,39,2025-08-19,2025-09-10,300.84,336.55,-11.87,-1392.45,22
MU,short,126,2025-09-11,2025-09-12,147.48,153.3,-3.95,-733.4,1
MU,short,107,2025-09-12,2025-09-19,153.3,162.49,-5.99,-982.82,7
QCOM,short,58,2025-06-30,2025-09-24,155.12,166.5,-7.34,-660.17,86
AAPL,short,74,2025-09-17,2025-09-24,238.3,254.5,-6.8,-1199.11,7
AMAT,short,92,2025-09-22,2025-09-30,192.33,203.45,-5.78,-1023.08,8
ABBV,short,81,2025-09-22,2025-10-02,215.77,233.64,-8.28,-1447.91,10
MU,short,74,2025-09-24,2025-10-02,164.82,184.66,-12.04,-1468.76,8
AMD,short,56,2025-10-07,2025-10-09,214.85,236.3,-9.98,-1201.2,2
INTC,short,287,2025-10-27,2025-10-29,38.39,41.6,-8.36,-921.27,2
META,long,24,2025-10-31,2025-11-10,672.76,629.45,-6.44,-1039.38,10
MU,short,37,2025-11-07,2025-11-18,233.8,235.25,-0.62,-53.6,11
GOOGL,short,58,2025-11-18,2025-11-25,287.36,325.57,-13.3,-2216.48,7
MRK,short,176,2025-11-24,2025-11-26,96.86,102.22,-5.53,-942.5,2
NFLX,long,164,2025-12-05,2025-12-11,98.78,93.9,-4.94,-800.32,6
NKE,long,138,2025-11-19,2025-12-24,61.08,57.97,-5.08,-428.54,35
C,short,152,2025-12-19,2025-12-26,112.08,120.45,-7.46,-1271.73,7
LMT,short,24,2026-01-07,2026-01-15,519.16,562.0,-8.25,-1028.21,8
NFLX,long,185,2026-01-12,2026-01-22,89.69,85.02,-5.21,-863.95,10
INTC,short,229,2026-01-21,2026-01-22,50.32,54.21,-7.73,-890.81,1
AMD,short,57,2026-01-21,2026-01-22,235.99,251.75,-6.68,-898.32,1
COP,short,128,2026-01-06,2026-02-05,98.69,105.34,-6.74,-851.0,30
MRK,short,114,2026-01-09,2026-02-05,109.27,116.6,-6.71,-835.91,27
JNJ,short,74,2026-01-23,2026-02-06,217.39,236.34,-8.72,-1402.28,14
MSFT,long,36,2026-01-30,2026-02-06,437.22,397.4,-9.11,-1433.62,7
NFLX,long,187,2026-01-22,2026-02-13,85.02,76.14,-10.44,-1660.56,22
AMAT,short,25,2026-01-16,2026-02-17,324.91,350.13,-7.76,-630.43,32
AMAT,short,27,2026-02-17,2026-02-26,350.13,391.31,-11.76,-1112.02,9
BA,long,65,2026-03-10,2026-03-13,224.1,205.0,-8.52,-1241.5,3
COP,short,94,2026-03-04,2026-03-23,115.53,122.72,-6.22,-675.54,19
XOM,short,71,2026-03-03,2026-03-25,154.38,162.77,-5.43,-595.2,22
MU,long,18,2026-03-26,2026-03-27,369.81,359.65,-2.75,-182.78,1
NVDA,long,33,2025-11-24,2026-03-31,179.26,166.78,-6.97,-412.03,127
CAT,short,10,2026-02-11,2026-04-20,755.84,789.44,-4.45,-335.99,68
INTC,short,154,2026-04-24,2026-04-27,82.2,83.67,-1.79,-226.38,3
QCOM,short,74,2026-04-28,2026-05-01,144.55,178.47,-23.47,-2510.43,3
UNH,short,42,2026-04-22,2026-05-11,348.89,378.29,-8.43,-1234.89,19
