symbol,direction,qty,entry_date,exit_date,entry_px,exit_px,gross_pnl,exit_reason,hold_days,return_pct
GS,short,28,2019-04-15,2019-04-17,172.44,170.62,50.86,T1_HIT,2,1.05
UNH,long,22,2019-04-18,2019-04-23,191.78,201.59,215.87,T1_HIT,5,5.12
QCOM,short,284,2019-04-18,2019-04-24,66.56,73.59,-1997.86,STOP_LOSS,6,-10.57
INTC,short,101,2019-04-17,2019-04-29,50.61,45.18,548.46,T1_HIT,12,10.73
UNH,long,22,2019-04-18,2019-04-29,191.78,209.67,393.65,T2_HIT,11,9.33
INTC,short,101,2019-04-17,2019-04-30,50.61,44.17,650.8,T2_HIT,13,12.73
GE,long,99,2019-04-09,2019-05-01,45.07,48.93,381.76,T1_HIT,22,8.56
PFE,long,188,2019-04-22,2019-05-01,26.23,27.28,197.13,T1_HIT,9,4.0
GE,long,99,2019-04-09,2019-05-02,45.07,48.93,381.77,T2_HIT,23,8.56
C,short,377,2019-04-15,2019-05-07,52.53,54.41,-707.2,TIME_STOP,22,-3.57
AMAT,short,120,2019-04-25,2019-05-07,42.01,39.32,323.75,T1_HIT,12,6.42
UNH,long,45,2019-04-18,2019-05-08,191.78,210.2,829.05,T3_HIT,20,9.61
INTC,short,202,2019-04-17,2019-05-09,50.61,41.74,1792.62,T3_HIT,22,17.53
QCOM,short,65,2019-04-25,2019-05-10,72.86,70.5,153.33,T1_HIT,15,3.24
AMAT,short,120,2019-04-25,2019-05-10,42.01,37.98,484.51,T2_HIT,15,9.61
AMAT,short,238,2019-04-25,2019-05-14,42.01,36.78,1246.58,T3_HIT,19,12.47
GS,short,85,2019-04-15,2019-05-17,172.44,165.84,560.85,POST_T1_STOP,32,3.83
MU,long,518,2019-05-10,2019-05-20,38.04,33.89,-2151.81,STOP_LOSS,10,-10.92
QCOM,short,65,2019-04-25,2019-05-21,72.86,66.72,399.0,T2_HIT,26,8.43
PFE,long,188,2019-04-22,2019-05-23,26.23,28.37,401.97,T2_HIT,31,8.15
QCOM,short,131,2019-04-25,2019-05-23,72.86,56.67,2121.12,T3_HIT,28,22.22
GOOGL,long,348,2019-05-01,2019-05-23,59.35,56.8,-887.02,TIME_STOP,22,-4.29
NKE,long,276,2019-05-07,2019-05-29,74.8,72.72,-574.45,TIME_STOP,22,-2.78
CAT,long,187,2019-05-10,2019-05-30,112.76,105.05,-1440.96,STOP_LOSS,20,-6.83
INTC,long,527,2019-05-13,2019-06-04,39.5,38.48,-537.29,TIME_STOP,22,-2.58
SBUX,long,79,2019-05-30,2019-06-05,64.85,67.54,212.64,T1_HIT,6,4.15
SBUX,long,79,2019-05-30,2019-06-07,64.85,69.95,402.94,T2_HIT,8,7.87
QCOM,long,59,2019-05-24,2019-06-11,58.28,61.08,164.84,T1_HIT,18,4.79
ABBV,long,91,2019-06-04,2019-06-12,56.3,57.86,141.99,T1_HIT,8,2.77
GS,long,129,2019-05-24,2019-06-17,162.96,162.96,-0.49,TIME_STOP,24,-0.0
SBUX,long,159,2019-05-30,2019-06-17,64.85,72.56,1226.69,T3_HIT,18,11.9
GE,long,197,2019-04-09,2019-06-21,45.07,51.43,1253.46,T3_HIT,73,14.12
PFE,long,374,2019-04-22,2019-06-21,26.23,29.53,1233.35,T3_HIT,60,12.57
QCOM,long,59,2019-05-24,2019-06-21,58.28,61.7,201.59,T2_HIT,28,5.86
ABBV,long,274,2019-06-04,2019-06-26,56.3,49.72,-1803.3,STOP_LOSS,22,-11.69
QCOM,long,119,2019-05-24,2019-06-28,58.28,64.56,746.74,T3_HIT,35,10.77
QQQ,short,121,2019-06-19,2019-07-11,178.55,184.87,-765.78,TIME_STOP,22,-3.54
MSFT,short,168,2019-06-24,2019-07-16,128.63,130.48,-309.17,TIME_STOP,22,-1.43
CAT,short,187,2019-06-24,2019-07-16,115.45,120.43,-932.1,TIME_STOP,22,-4.32
CVX,short,235,2019-06-24,2019-07-16,91.66,92.37,-166.04,TIME_STOP,22,-0.77
WMT,short,645,2019-06-24,2019-07-16,33.7,34.86,-748.64,TIME_STOP,22,-3.44
MU,short,452,2019-07-11,2019-07-23,42.15,45.62,-1569.11,STOP_LOSS,12,-8.24
LMT,long,17,2019-07-19,2019-07-26,296.83,306.76,168.89,T1_HIT,7,3.35
LLY,long,52,2019-07-15,2019-08-05,99.28,102.11,146.83,T1_HIT,21,2.84
GOOGL,short,83,2019-07-29,2019-08-05,61.58,58.13,286.01,T1_HIT,7,5.6
AAPL,short,100,2019-08-01,2019-08-05,51.17,47.36,380.57,T1_HIT,4,7.44
INTC,short,116,2019-07-22,2019-08-06,43.58,41.36,256.91,T1_HIT,15,5.08
GOOGL,short,83,2019-07-29,2019-08-06,61.58,57.76,316.66,T2_HIT,8,6.2
AMZN,long,214,2019-07-30,2019-08-06,94.56,89.61,-1058.12,STOP_LOSS,7,-5.23
AAPL,short,100,2019-08-01,2019-08-06,51.17,46.96,420.76,T2_HIT,5,8.22
NFLX,long,621,2019-07-19,2019-08-08,32.34,31.1,-768.18,STOP_LOSS,20,-3.82
INTC,short,116,2019-07-22,2019-08-09,43.58,41.18,278.28,T2_HIT,18,5.51
PFE,long,791,2019-08-02,2019-08-13,26.18,24.25,-1526.75,STOP_LOSS,11,-7.37
CSCO,long,485,2019-08-08,2019-08-16,43.08,37.88,-2521.09,STOP_LOSS,8,-12.07
QCOM,long,85,2019-08-02,2019-08-20,60.1,63.63,299.53,T1_HIT,18,5.86
QCOM,long,85,2019-08-02,2019-08-22,60.1,65.62,469.25,T2_HIT,20,9.19
LMT,long,17,2019-07-19,2019-08-23,296.83,319.77,389.99,T2_HIT,35,7.73
MS,long,611,2019-08-05,2019-08-27,33.26,32.71,-337.61,TIME_STOP,22,-1.66
XOM,long,403,2019-08-06,2019-08-28,51.23,49.83,-564.03,TIME_STOP,22,-2.73
LLY,long,156,2019-07-15,2019-09-04,99.28,105.44,961.21,POST_T1_STOP,51,6.21
QCOM,long,170,2019-08-02,2019-09-06,60.1,67.37,1235.85,T3_HIT,35,12.1
MU,short,426,2019-09-05,2019-09-12,46.71,49.54,-1204.68,STOP_LOSS,7,-6.05
LMT,long,35,2019-07-19,2019-09-18,296.83,329.54,1144.88,T3_HIT,61,11.02
MRK,long,80,2019-09-11,2019-09-23,62.81,65.58,221.86,T1_HIT,12,4.42
MU,short,101,2019-09-12,2019-09-25,49.54,47.26,229.48,T1_HIT,13,4.59
AMAT,short,429,2019-09-06,2019-09-30,47.41,46.73,290.13,TIME_STOP,24,1.43
MU,short,101,2019-09-12,2019-09-30,49.54,41.93,768.21,T2_HIT,18,15.35
MU,short,202,2019-09-12,2019-10-01,49.54,42.03,1516.73,T3_HIT,19,15.16
WFC,short,122,2019-09-30,2019-10-03,42.63,40.56,253.04,T1_HIT,3,4.87
AAPL,short,202,2019-08-01,2019-10-08,51.17,54.22,-617.42,STOP_LOSS,68,-5.97
JNJ,short,46,2019-10-17,2019-10-21,112.79,106.75,278.2,T1_HIT,4,5.36
MRK,long,241,2019-09-11,2019-10-22,62.81,63.34,126.66,POST_T1_STOP,41,0.84
BA,long,16,2019-10-22,2019-10-24,332.14,337.71,89.03,T1_HIT,2,1.68
INTC,short,233,2019-07-22,2019-10-28,43.58,49.46,-1370.6,STOP_LOSS,98,-13.5
WFC,short,366,2019-09-30,2019-11-04,42.63,44.15,-556.28,POST_T1_STOP,35,-3.57
BAC,short,811,2019-10-17,2019-11-06,25.73,27.82,-1694.13,STOP_LOSS,20,-8.12
BA,long,16,2019-10-22,2019-11-06,332.14,354.67,360.38,T2_HIT,15,6.78
QCOM,short,277,2019-11-05,2019-11-08,73.27,77.39,-1138.73,STOP_LOSS,3,-5.61
BA,long,31,2019-10-22,2019-11-12,332.14,364.32,997.53,T3_HIT,21,9.69
LMT,long,16,2019-10-23,2019-11-14,312.01,323.28,180.31,T1_HIT,22,3.61
SBUX,long,72,2019-11-06,2019-11-18,70.63,72.57,139.98,T1_HIT,12,2.75
JNJ,short,139,2019-10-17,2019-11-19,112.79,112.0,110.7,POST_T1_STOP,33,0.71
MSFT,short,149,2019-10-29,2019-11-20,135.73,142.08,-946.29,TIME_STOP,22,-4.68
NKE,long,62,2019-10-29,2019-11-20,82.3,85.25,183.09,T1_HIT,22,3.59
QCOM,short,65,2019-11-08,2019-11-21,77.39,72.92,290.13,T1_HIT,13,5.77
MS,short,504,2019-11-08,2019-12-02,39.82,40.59,-387.86,TIME_STOP,24,-1.93
QCOM,short,65,2019-11-08,2019-12-03,77.39,69.99,480.76,T2_HIT,25,9.56
GOOGL,short,167,2019-07-29,2019-12-10,61.58,66.41,-806.47,STOP_LOSS,134,-7.84
UNH,short,83,2019-11-19,2019-12-11,245.32,249.0,-305.52,TIME_STOP,22,-1.5
NKE,long,62,2019-10-29,2019-12-13,82.3,88.49,383.84,T2_HIT,45,7.52
SBUX,long,72,2019-11-06,2019-12-13,70.63,76.12,395.27,T2_HIT,37,7.77
LMT,long,50,2019-10-23,2019-12-16,312.01,325.78,688.49,POST_T1_STOP,54,4.41
MU,short,413,2019-12-16,2019-12-23,51.45,53.86,-994.75,STOP_LOSS,7,-4.68
HON,long,137,2019-12-04,2019-12-27,150.18,152.86,367.8,TIME_STOP,23,1.79
NKE,long,123,2019-10-29,2019-12-30,82.3,92.22,1220.61,T3_HIT,62,12.06
MU,short,95,2019-12-23,2019-12-31,53.86,51.59,214.92,T1_HIT,8,4.2
UNH,short,80,2019-12-16,2020-01-07,257.65,260.09,-195.4,TIME_STOP,22,-0.95
GS,short,105,2019-12-17,2020-01-08,197.52,202.4,-512.18,TIME_STOP,22,-2.47
C,short,336,2019-12-17,2020-01-08,61.53,62.71,-395.87,TIME_STOP,22,-1.91
SBUX,long,143,2019-11-06,2020-01-14,70.63,78.86,1177.05,T3_HIT,69,11.65
MS,short,465,2020-01-15,2020-01-17,42.96,46.06,-1439.01,STOP_LOSS,2,-7.2
MU,short,284,2019-12-23,2020-01-23,53.86,58.83,-1412.39,STOP_LOSS,31,-9.23
MS,short,106,2020-01-17,2020-01-27,46.06,43.39,282.91,T1_HIT,10,5.79
BA,long,16,2020-01-23,2020-01-27,306.68,314.34,122.63,T1_HIT,4,2.5
GS,short,99,2020-01-08,2020-01-30,202.4,204.13,-170.89,TIME_STOP,22,-0.85
AMD,short,102,2020-01-10,2020-01-30,49.26,46.49,282.54,T1_HIT,20,5.62
XOM,long,392,2020-01-24,2020-02-04,49.69,45.89,-1490.04,STOP_LOSS,11,-7.65
SBUX,long,68,2020-01-31,2020-02-06,74.19,76.15,133.4,T1_HIT,6,2.64
WMT,long,574,2020-01-16,2020-02-07,35.24,35.43,106.83,TIME_STOP,22,0.53
BA,long,16,2020-01-23,2020-02-07,306.68,338.36,506.9,T2_HIT,15,10.33
AMD,short,308,2020-01-10,2020-02-12,49.26,54.53,-1623.16,STOP_LOSS,33,-10.7
BA,long,31,2020-01-23,2020-02-12,306.68,344.37,1168.57,T3_HIT,20,12.29
AMZN,short,198,2020-02-03,2020-02-12,100.53,108.16,-1510.74,STOP_LOSS,9,-7.59
META,long,24,2020-01-31,2020-02-19,206.62,216.09,227.44,T1_HIT,19,4.59
MU,short,83,2020-02-13,2020-02-19,57.54,57.12,34.8,T1_HIT,6,0.73
AMAT,short,77,2020-02-14,2020-02-19,63.58,62.88,54.47,T1_HIT,5,1.11
CAT,long,168,2020-01-31,2020-02-24,118.23,117.09,-191.48,TIME_STOP,24,-0.96
MS,short,106,2020-01-17,2020-02-25,46.06,41.19,516.52,T2_HIT,39,10.58
MU,short,83,2020-02-13,2020-02-25,57.54,53.48,337.5,T2_HIT,12,7.07
AMAT,short,77,2020-02-14,2020-02-25,63.58,58.55,387.91,T2_HIT,11,7.92
MS,short,212,2020-01-17,2020-02-26,46.06,39.74,1340.52,T3_HIT,40,13.73
MU,short,165,2020-02-13,2020-02-26,57.54,51.34,1023.31,T3_HIT,13,10.78
AMAT,short,154,2020-02-14,2020-02-26,63.58,56.33,1116.55,T3_HIT,12,11.4
QCOM,short,129,2019-11-08,2020-02-28,77.39,63.93,1736.05,T3_HIT,112,17.39
META,long,73,2020-01-31,2020-02-28,206.62,181.11,-1861.94,STOP_LOSS,28,-12.34
SBUX,long,203,2020-01-31,2020-02-28,74.19,66.18,-1626.46,STOP_LOSS,28,-10.8
MRK,long,300,2020-02-06,2020-02-28,66.9,59.63,-2179.09,STOP_LOSS,22,-10.86
AAPL,long,275,2020-02-25,2020-02-28,72.65,62.1,-2900.4,STOP_LOSS,3,-14.52
PFE,long,787,2020-02-21,2020-03-02,24.96,23.67,-1016.44,STOP_LOSS,10,-5.17
MSFT,long,122,2020-02-25,2020-03-02,165.12,156.69,-1028.02,STOP_LOSS,6,-5.1
AAPL,long,60,2020-03-02,2020-03-03,68.14,73.31,309.82,T1_HIT,1,7.58
INTC,long,93,2020-03-02,2020-03-03,49.45,51.44,184.66,T1_HIT,1,4.02
HD,long,25,2020-03-02,2020-03-03,187.6,196.17,214.26,T1_HIT,1,4.57
JPM,long,47,2020-03-02,2020-03-03,98.09,101.74,171.55,T1_HIT,1,3.72
JNJ,long,41,2020-03-02,2020-03-03,113.31,117.7,179.92,T1_HIT,1,3.87
AAPL,long,60,2020-03-02,2020-03-04,68.14,71.56,205.1,T2_HIT,2,5.02
AMZN,long,49,2020-03-02,2020-03-04,95.32,97.33,98.2,T1_HIT,2,2.1
HD,long,25,2020-03-02,2020-03-04,187.6,198.71,277.79,T2_HIT,2,5.92
BAC,long,190,2020-03-02,2020-03-04,24.21,24.12,-16.22,T1_HIT,2,-0.35
JPM,long,141,2020-03-02,2020-03-09,98.09,81.21,-2378.72,STOP_LOSS,7,-17.2
BAC,long,568,2020-03-02,2020-03-09,24.21,19.1,-2899.16,STOP_LOSS,7,-21.09
INTC,long,278,2020-03-02,2020-03-10,49.45,46.77,-746.68,STOP_LOSS,8,-5.43
JPM,long,166,2020-03-09,2020-03-10,81.21,83.26,339.24,STOP_LOSS,1,2.52
CSCO,long,103,2020-03-10,2020-03-11,32.51,32.32,-19.62,T1_HIT,1,-0.59
GOOGL,long,274,2020-03-09,2020-03-12,59.72,55.64,-1118.14,STOP_LOSS,3,-6.83
AAPL,long,121,2020-03-02,2020-03-13,68.14,63.95,-507.96,STOP_LOSS,11,-6.16
AMZN,long,146,2020-03-02,2020-03-13,95.32,87.75,-1105.88,STOP_LOSS,11,-7.95
HD,long,49,2020-03-02,2020-03-13,187.6,172.08,-760.05,STOP_LOSS,11,-8.27
CSCO,long,308,2020-03-10,2020-03-13,32.51,29.14,-1038.27,STOP_LOSS,3,-10.37
ABBV,long,224,2020-03-10,2020-03-13,68.08,64.35,-835.24,STOP_LOSS,3,-5.48
CAT,long,26,2020-03-13,2020-03-16,86.93,78.63,-215.7,T1_HIT,3,-9.54
CVX,long,40,2020-03-13,2020-03-16,60.76,55.13,-225.17,T1_HIT,3,-9.26
JNJ,long,122,2020-03-02,2020-03-17,113.31,108.07,-638.97,STOP_LOSS,15,-4.62
CAT,long,26,2020-03-13,2020-03-17,86.93,84.83,-54.67,T2_HIT,4,-2.42
CVX,long,118,2020-03-13,2020-03-17,60.76,53.48,-858.78,STOP_LOSS,4,-11.98
KO,long,65,2020-03-17,2020-03-18,37.99,37.05,-61.36,T1_HIT,1,-2.48
PG,long,26,2020-03-17,2020-03-18,95.15,96.49,34.85,T1_HIT,1,1.41
KO,long,194,2020-03-17,2020-03-19,37.99,36.73,-244.19,STOP_LOSS,2,-3.31
PG,long,26,2020-03-17,2020-03-19,95.15,99.55,114.53,T2_HIT,2,4.63
MCD,long,62,2020-03-18,2020-03-19,118.95,116.96,-123.36,STOP_LOSS,1,-1.67
BA,long,26,2020-03-18,2020-03-19,99.86,98.8,-27.56,STOP_LOSS,1,-1.06
CAT,long,52,2020-03-13,2020-03-20,86.93,91.11,217.31,T3_HIT,7,4.81
GOOGL,long,40,2020-03-19,2020-03-20,53.93,56.05,84.61,T1_HIT,1,3.92
META,long,13,2020-03-19,2020-03-20,145.34,154.66,121.14,T1_HIT,1,6.41
HD,long,42,2020-03-19,2020-03-20,131.49,139.74,346.86,STOP_LOSS,1,6.28
NKE,long,26,2020-03-19,2020-03-20,61.06,65.13,105.85,T1_HIT,1,6.67
C,long,35,2020-03-19,2020-03-20,28.42,32.42,139.96,T1_HIT,1,14.07
META,long,13,2020-03-19,2020-03-23,145.34,148.36,39.18,T2_HIT,4,2.07
NKE,long,26,2020-03-19,2020-03-23,61.06,59.2,-48.31,T2_HIT,4,-3.04
C,long,35,2020-03-19,2020-03-23,28.42,30.09,58.34,T2_HIT,4,5.86
BA,long,6,2020-03-20,2020-03-23,99.85,98.75,-6.6,T1_HIT,3,-1.1
PG,long,53,2020-03-17,2020-03-24,95.15,86.42,-462.43,STOP_LOSS,7,-9.17
NKE,long,52,2020-03-19,2020-03-24,61.06,59.84,-63.46,STOP_LOSS,5,-2.0
BA,long,6,2020-03-20,2020-03-24,99.85,123.68,142.98,T2_HIT,4,23.87
C,long,69,2020-03-19,2020-03-25,28.42,33.91,378.21,T3_HIT,6,19.28
BA,long,13,2020-03-20,2020-03-25,99.85,154.9,715.65,T3_HIT,5,55.13
SBUX,long,29,2020-03-24,2020-03-25,54.4,58.06,106.32,T1_HIT,1,6.74
SBUX,long,29,2020-03-24,2020-03-26,54.4,57.96,103.3,T2_HIT,2,6.55
SBUX,long,58,2020-03-24,2020-03-27,54.4,57.93,205.09,T3_HIT,3,6.5
META,long,26,2020-03-19,2020-03-31,145.34,164.04,486.09,T3_HIT,12,12.86
BA,long,6,2020-03-31,2020-04-01,155.0,138.91,-96.54,T1_HIT,1,-10.38
BA,long,18,2020-03-31,2020-04-02,155.0,128.51,-476.82,STOP_LOSS,2,-17.09
GOOGL,long,40,2020-03-19,2020-04-07,53.93,60.32,255.32,T2_HIT,19,11.83
GOOGL,long,82,2020-03-19,2020-04-15,53.93,61.78,643.28,T3_HIT,27,14.55
NFLX,short,70,2020-04-17,2020-04-20,43.1,43.52,-29.19,T1_HIT,3,-0.97
NFLX,short,70,2020-04-17,2020-04-29,43.1,39.95,220.29,T2_HIT,12,7.3
ABBV,short,219,2020-05-07,2020-05-19,67.79,71.5,-813.34,STOP_LOSS,12,-5.48
GE,long,72,2020-05-14,2020-05-19,27.2,30.44,233.45,T1_HIT,5,11.92
MCD,long,26,2020-05-18,2020-05-19,155.77,155.82,1.35,T1_HIT,1,0.03
HON,long,27,2020-05-18,2020-05-19,114.1,118.25,112.13,T1_HIT,1,3.64
GE,long,72,2020-05-14,2020-05-20,27.2,30.63,247.39,T2_HIT,6,12.63
HON,long,27,2020-05-18,2020-05-21,114.1,120.24,165.95,T2_HIT,3,5.39
HD,short,20,2020-05-19,2020-05-21,206.42,203.99,48.59,T1_HIT,2,1.18
GOOGL,short,209,2020-04-30,2020-05-22,65.98,69.58,-751.38,TIME_STOP,22,-5.45
GE,long,143,2020-05-14,2020-05-22,27.2,31.36,595.14,T3_HIT,8,15.3
MCD,long,26,2020-05-18,2020-05-27,155.77,163.28,195.24,T2_HIT,9,4.82
HON,long,53,2020-05-18,2020-05-27,114.1,129.71,827.6,T3_HIT,9,13.69
META,short,18,2020-05-22,2020-05-28,229.49,222.35,128.65,T1_HIT,6,3.11
MCD,long,51,2020-05-18,2020-06-04,155.77,167.49,597.49,T3_HIT,17,7.52
JPM,short,38,2020-06-08,2020-06-11,96.37,85.0,432.04,T1_HIT,3,11.8
BAC,short,137,2020-06-08,2020-06-11,24.74,21.61,427.92,T1_HIT,3,12.63
JPM,short,38,2020-06-08,2020-06-12,96.37,85.58,410.08,T2_HIT,4,11.2
BAC,short,137,2020-06-08,2020-06-12,24.74,21.66,422.0,T2_HIT,4,12.45
JPM,short,75,2020-06-08,2020-06-15,96.37,81.93,1082.78,T3_HIT,7,14.98
BAC,short,274,2020-06-08,2020-06-15,24.74,20.56,1145.08,T3_HIT,7,16.89
LLY,long,33,2020-06-16,2020-06-17,146.37,153.78,244.42,T1_HIT,1,5.06
LMT,long,14,2020-06-16,2020-06-17,328.67,325.22,-48.33,T1_HIT,1,-1.05
LLY,long,33,2020-06-16,2020-06-18,146.37,149.07,88.99,T2_HIT,2,1.84
LLY,long,67,2020-06-16,2020-06-19,146.37,151.91,370.77,T3_HIT,3,3.78
BA,short,9,2020-06-17,2020-06-19,194.52,197.9,-30.42,T1_HIT,2,-1.74
HD,short,59,2020-05-19,2020-06-22,206.42,212.19,-340.23,POST_T1_STOP,34,-2.79
BA,short,9,2020-06-17,2020-06-23,194.52,189.3,46.98,T2_HIT,6,2.68
PFE,long,683,2020-06-02,2020-06-24,25.05,23.06,-1358.03,TIME_STOP,22,-7.94
AAPL,short,216,2020-06-15,2020-06-24,80.67,88.35,-1660.02,STOP_LOSS,9,-9.53
BA,short,18,2020-06-17,2020-06-26,194.52,173.42,379.8,T3_HIT,9,10.85
META,short,55,2020-05-22,2020-06-29,229.49,207.92,1186.38,POST_T1_STOP,38,9.4
AMAT,short,66,2020-06-22,2020-06-29,57.45,55.48,130.32,T1_HIT,7,3.44
AAPL,short,48,2020-06-24,2020-06-30,88.35,87.16,57.16,T1_HIT,6,1.35
NFLX,short,139,2020-04-17,2020-07-02,43.1,48.56,-759.5,STOP_LOSS,76,-12.68
LMT,long,41,2020-06-16,2020-07-10,328.67,291.07,-1541.87,STOP_LOSS,24,-11.44
AMZN,short,120,2020-07-06,2020-07-10,146.75,159.59,-1540.74,STOP_LOSS,4,-8.75
AAPL,short,144,2020-06-24,2020-07-14,88.35,91.83,-500.53,STOP_LOSS,20,-3.93
WFC,long,119,2020-07-15,2020-07-16,21.84,21.78,-7.28,T1_HIT,1,-0.28
WFC,long,119,2020-07-15,2020-07-22,21.84,22.84,119.63,T2_HIT,7,4.6
GS,short,20,2020-07-16,2020-07-23,185.63,178.32,146.24,T1_HIT,7,3.94
AMAT,short,196,2020-06-22,2020-07-28,57.45,59.36,-373.98,POST_T1_STOP,36,-3.32
GS,short,20,2020-07-16,2020-07-31,185.63,173.75,237.71,T2_HIT,15,6.4
MS,short,93,2020-07-16,2020-07-31,42.88,41.03,171.52,T1_HIT,15,4.3
CAT,short,34,2020-07-16,2020-08-03,123.31,118.84,151.85,T1_HIT,18,3.62
CVX,long,62,2020-08-03,2020-08-06,64.73,66.62,117.09,T1_HIT,3,2.92
JNJ,short,134,2020-07-16,2020-08-07,125.86,124.87,132.71,TIME_STOP,22,0.79
COP,long,99,2020-07-31,2020-08-11,30.11,32.97,283.2,T1_HIT,11,9.5
COP,long,99,2020-07-31,2020-08-12,30.11,32.81,267.11,T2_HIT,12,8.96
CVX,long,62,2020-08-03,2020-08-12,64.73,69.99,325.94,T2_HIT,9,8.12
META,short,16,2020-08-10,2020-08-12,265.71,256.72,143.86,T1_HIT,2,3.38
AMZN,short,103,2020-08-03,2020-08-25,159.03,164.75,-589.57,TIME_STOP,22,-3.6
META,short,49,2020-08-10,2020-08-27,265.71,297.55,-1560.18,STOP_LOSS,17,-11.98
MS,short,280,2020-07-16,2020-09-01,42.88,43.46,-163.33,POST_T1_STOP,47,-1.36
CAT,short,102,2020-07-16,2020-09-01,123.31,127.26,-402.97,POST_T1_STOP,47,-3.2
AAPL,short,140,2020-08-25,2020-09-03,120.95,123.1,-300.45,STOP_LOSS,9,-1.77
WMT,short,90,2020-09-03,2020-09-08,45.34,43.71,147.15,T1_HIT,5,3.61
COP,long,199,2020-07-31,2020-09-09,30.11,28.32,-355.79,STOP_LOSS,40,-5.94
AMAT,long,278,2020-09-08,2020-09-09,54.36,53.92,-121.79,STOP_LOSS,1,-0.81
WMT,short,90,2020-09-03,2020-09-14,45.34,42.08,293.75,T2_HIT,11,7.2
CVX,long,123,2020-08-03,2020-09-16,64.73,59.7,-619.06,STOP_LOSS,44,-7.77
HON,short,114,2020-08-28,2020-09-21,146.24,144.92,150.35,TIME_STOP,24,0.9
GS,short,41,2020-07-16,2020-09-22,185.63,169.69,653.61,T3_HIT,68,8.59
AMZN,long,24,2020-09-18,2020-09-23,151.59,156.02,106.43,T1_HIT,5,2.93
XOM,long,552,2020-09-09,2020-09-24,30.2,27.09,-1716.9,STOP_LOSS,15,-10.3
MSFT,long,21,2020-09-21,2020-09-28,187.88,200.92,273.92,T1_HIT,7,6.94
CAT,short,125,2020-09-08,2020-09-30,132.05,132.95,-112.29,TIME_STOP,22,-0.68
UNH,long,15,2020-09-22,2020-10-01,270.44,283.55,196.68,T1_HIT,9,4.85
GOOGL,long,58,2020-09-22,2020-10-02,71.88,72.34,26.76,T1_HIT,10,0.64
JPM,long,51,2020-09-22,2020-10-06,81.48,86.66,264.24,T1_HIT,14,6.36
UNH,long,15,2020-09-22,2020-10-08,270.44,293.08,339.68,T2_HIT,16,8.37
AMZN,long,24,2020-09-18,2020-10-12,151.59,167.5,381.84,T2_HIT,24,10.5
JPM,long,51,2020-09-22,2020-10-12,81.48,87.55,309.73,T2_HIT,20,7.45
AMZN,long,48,2020-09-18,2020-10-13,151.59,173.4,1047.0,T3_HIT,25,14.39
MSFT,long,21,2020-09-21,2020-10-13,187.88,212.21,510.82,T2_HIT,22,12.95
GOOGL,long,58,2020-09-22,2020-10-13,71.88,78.16,364.17,T2_HIT,21,8.74
MSFT,long,42,2020-09-21,2020-10-14,187.88,212.47,1032.84,T3_HIT,23,13.09
NKE,short,139,2020-09-24,2020-10-16,115.7,118.51,-390.48,TIME_STOP,22,-2.43
AMAT,short,72,2020-10-14,2020-10-16,61.81,60.73,78.18,T1_HIT,2,1.76
GE,short,411,2020-10-12,2020-10-20,33.59,35.68,-857.95,STOP_LOSS,8,-6.21
GOOGL,long,118,2020-09-22,2020-10-22,71.88,78.55,787.63,T3_HIT,30,9.29
UNH,long,31,2020-09-22,2020-10-26,270.44,295.7,783.19,T3_HIT,34,9.34
INTC,short,89,2020-10-20,2020-10-26,49.0,42.95,539.17,T1_HIT,6,12.36
AMAT,short,72,2020-10-14,2020-10-27,61.81,56.94,351.11,T2_HIT,13,7.89
QCOM,short,38,2020-10-15,2020-10-27,112.67,111.97,26.57,T1_HIT,12,0.62
INTC,short,89,2020-10-20,2020-10-27,49.0,41.27,688.54,T2_HIT,7,15.79
WFC,long,238,2020-07-15,2020-10-28,21.84,18.64,-762.05,STOP_LOSS,105,-14.66
INTC,short,178,2020-10-20,2020-10-28,49.0,40.29,1551.22,T3_HIT,8,17.78
COP,long,539,2020-10-21,2020-10-28,26.47,24.15,-1246.01,STOP_LOSS,7,-8.73
AMAT,short,143,2020-10-14,2020-10-29,61.81,54.51,1044.65,T3_HIT,15,11.82
GOOGL,short,55,2020-10-22,2020-10-29,78.55,75.18,185.3,T1_HIT,7,4.29
XOM,long,170,2020-11-02,2020-11-03,26.1,27.16,180.72,T1_HIT,1,4.07
BAC,long,222,2020-10-29,2020-11-04,20.35,20.81,102.51,T1_HIT,6,2.27
CSCO,long,150,2020-10-30,2020-11-04,30.28,31.49,182.43,T1_HIT,5,4.02
HD,long,20,2020-11-02,2020-11-04,234.54,240.27,114.77,T1_HIT,2,2.45
GOOGL,short,166,2020-10-22,2020-11-05,78.55,87.74,-1525.71,STOP_LOSS,14,-11.7
GE,short,383,2020-10-29,2020-11-05,37.19,38.59,-539.2,STOP_LOSS,7,-3.79
QCOM,short,115,2020-10-15,2020-11-06,112.67,129.23,-1904.35,STOP_LOSS,22,-14.7
HD,long,20,2020-11-02,2020-11-06,234.54,248.93,287.88,T2_HIT,4,6.14
JPM,long,101,2020-09-22,2020-11-10,81.48,101.62,2034.67,T3_HIT,49,24.73
BAC,long,222,2020-10-29,2020-11-10,20.35,23.95,798.83,T2_HIT,12,17.68
CSCO,long,150,2020-10-30,2020-11-10,30.28,32.5,332.96,T2_HIT,11,7.33
MCD,long,24,2020-11-02,2020-11-10,189.1,188.99,-2.73,T1_HIT,8,-0.06
XOM,long,170,2020-11-02,2020-11-10,26.1,29.88,643.06,T2_HIT,8,14.5
BAC,long,445,2020-10-29,2020-11-11,20.35,24.18,1702.06,T3_HIT,13,18.79
XOM,long,340,2020-11-02,2020-11-11,26.1,29.91,1297.09,T3_HIT,9,14.62
CSCO,long,298,2020-10-30,2020-11-16,30.28,35.5,1556.12,T3_HIT,17,17.25
MU,short,341,2020-11-10,2020-11-17,53.76,59.48,-1951.9,STOP_LOSS,7,-10.65
AMAT,short,274,2020-11-10,2020-11-20,67.58,73.75,-1690.82,STOP_LOSS,10,-9.13
ABBV,short,236,2020-11-05,2020-11-24,76.66,82.7,-1426.65,STOP_LOSS,19,-7.89
COP,short,394,2020-11-19,2020-11-24,31.85,36.26,-1740.6,STOP_LOSS,5,-13.87
GE,short,74,2020-11-25,2020-12-01,51.12,50.15,71.85,T1_HIT,6,1.9
SBUX,short,221,2020-11-10,2020-12-02,82.74,86.95,-930.42,TIME_STOP,22,-5.09
MCD,long,73,2020-11-02,2020-12-10,189.1,183.72,-392.67,POST_T1_STOP,38,-2.84
GE,short,222,2020-11-25,2020-12-10,51.12,53.79,-592.74,STOP_LOSS,15,-5.22
PFE,short,140,2020-12-03,2020-12-15,31.07,29.61,203.79,T1_HIT,12,4.69
PFE,short,140,2020-12-03,2020-12-18,31.07,28.8,317.36,T2_HIT,15,7.3
INTC,long,102,2020-12-22,2020-12-30,41.81,44.4,263.72,T1_HIT,8,6.18
INTC,long,102,2020-12-22,2021-01-04,41.81,45.1,335.65,T2_HIT,13,7.87
GS,short,80,2020-12-18,2021-01-05,215.81,232.08,-1300.92,STOP_LOSS,18,-7.53
IWM,short,97,2020-12-15,2021-01-06,179.58,186.81,-701.28,TIME_STOP,22,-4.03
INTC,long,205,2020-12-22,2021-01-07,41.81,46.55,971.1,T3_HIT,16,11.33
MU,short,229,2021-01-06,2021-01-11,74.46,74.69,-51.36,STOP_LOSS,5,-0.3
SBUX,short,190,2020-12-21,2021-01-12,89.34,91.8,-467.87,TIME_STOP,22,-2.76
AMAT,short,189,2021-01-11,2021-01-15,90.39,100.46,-1902.95,STOP_LOSS,4,-11.14
NFLX,long,86,2021-01-13,2021-01-15,49.55,50.0,38.7,T1_HIT,2,0.91
NFLX,long,86,2021-01-13,2021-01-21,49.55,58.24,747.77,T2_HIT,8,17.55
C,short,80,2021-01-07,2021-01-22,55.55,50.47,406.16,T1_HIT,15,9.14
NFLX,long,173,2021-01-13,2021-01-22,49.55,58.21,1498.18,T3_HIT,9,17.48
C,short,80,2021-01-07,2021-01-26,55.55,50.69,388.93,T2_HIT,19,8.75
JNJ,short,121,2021-01-15,2021-01-27,137.55,145.12,-915.74,STOP_LOSS,12,-5.5
KO,long,405,2021-01-08,2021-02-01,42.48,40.98,-605.16,TIME_STOP,24,-3.52
JNJ,short,30,2021-01-27,2021-02-01,145.12,141.85,98.08,T1_HIT,5,2.25
PFE,short,279,2020-12-03,2021-02-03,31.07,26.82,1186.5,T3_HIT,62,13.69
CSCO,short,440,2021-01-12,2021-02-03,38.84,39.22,-169.76,TIME_STOP,22,-0.99
GOOGL,short,184,2021-02-03,2021-02-04,102.37,102.13,45.51,STOP_LOSS,1,0.24
NKE,long,35,2021-01-26,2021-02-08,126.31,133.09,237.15,T1_HIT,13,5.36
AMZN,short,26,2021-02-03,2021-02-16,171.25,162.7,222.25,T1_HIT,13,4.99
HON,long,98,2021-01-26,2021-02-17,180.07,177.87,-214.7,TIME_STOP,22,-1.22
AMZN,short,26,2021-02-03,2021-02-24,171.25,158.34,335.74,T2_HIT,21,7.54
GOOGL,short,173,2021-02-04,2021-02-26,102.13,100.61,262.96,TIME_STOP,22,1.49
C,short,158,2021-01-07,2021-03-02,55.55,57.79,-354.6,STOP_LOSS,54,-4.04
JNJ,short,88,2021-01-27,2021-03-02,145.12,137.96,630.03,POST_T1_STOP,34,4.93
WMT,short,179,2020-09-03,2021-03-04,45.34,39.66,1016.46,T3_HIT,182,12.52
AMZN,short,52,2021-02-03,2021-03-05,171.25,150.25,1092.03,T3_HIT,30,12.26
NKE,long,104,2021-01-26,2021-03-09,126.31,124.5,-188.28,POST_T1_STOP,42,-1.43
CVX,short,210,2021-03-04,2021-03-11,84.1,89.84,-1204.83,STOP_LOSS,7,-6.82
GE,short,61,2021-03-05,2021-03-11,67.1,61.71,329.25,T1_HIT,6,8.04
GE,short,61,2021-03-05,2021-03-12,67.1,59.52,462.73,T2_HIT,7,11.3
AAPL,long,144,2021-02-24,2021-03-18,121.58,119.57,-288.67,TIME_STOP,22,-1.65
QQQ,long,56,2021-02-24,2021-03-18,308.59,306.78,-101.38,TIME_STOP,22,-0.59
C,short,298,2021-03-04,2021-03-19,58.62,61.14,-751.72,STOP_LOSS,15,-4.3
JPM,short,32,2021-03-19,2021-03-22,135.64,133.27,75.64,T1_HIT,3,1.74
BAC,short,129,2021-03-19,2021-03-24,33.74,32.78,122.75,T1_HIT,5,2.82
HD,long,38,2020-11-02,2021-03-25,234.54,257.39,868.45,T3_HIT,143,9.74
NKE,long,38,2021-03-26,2021-03-30,120.91,121.6,26.18,T1_HIT,4,0.57
KO,short,386,2021-03-09,2021-03-31,43.91,45.4,-573.95,TIME_STOP,22,-3.39
ABBV,long,207,2021-03-18,2021-04-09,84.58,86.52,402.35,TIME_STOP,22,2.3
HON,short,92,2021-03-19,2021-04-12,191.09,200.21,-838.34,TIME_STOP,24,-4.77
MS,long,67,2021-03-30,2021-04-13,66.68,67.73,69.85,T1_HIT,14,1.56
JPM,short,96,2021-03-19,2021-04-20,135.64,133.13,240.84,POST_T1_STOP,32,1.85
BAC,short,387,2021-03-19,2021-04-23,33.74,33.76,-10.23,POST_T1_STOP,35,-0.08
NKE,long,113,2021-03-26,2021-04-29,120.91,121.06,17.65,POST_T1_STOP,34,0.13
MS,long,67,2021-03-30,2021-04-30,66.68,70.56,259.66,T2_HIT,31,5.81
MSFT,short,71,2021-04-13,2021-05-05,246.32,238.47,557.45,TIME_STOP,22,3.19
GOOGL,short,38,2021-04-29,2021-05-05,118.41,115.41,114.13,T1_HIT,6,2.54
LLY,long,26,2021-04-29,2021-05-05,171.96,179.16,187.42,T1_HIT,6,4.19
AMZN,short,26,2021-04-30,2021-05-05,176.26,166.94,242.14,T1_HIT,5,5.28
MS,long,135,2021-03-30,2021-05-07,66.68,72.76,820.84,T3_HIT,38,9.12
PFE,short,149,2021-05-06,2021-05-07,29.78,30.22,-65.73,T1_HIT,1,-1.48
LLY,long,26,2021-04-29,2021-05-10,171.96,186.31,373.11,T2_HIT,11,8.35
AMZN,short,26,2021-04-30,2021-05-11,176.26,156.81,505.49,T2_HIT,11,11.03
INTC,long,324,2021-04-26,2021-05-13,53.75,49.45,-1393.01,STOP_LOSS,17,-8.0
NFLX,long,345,2021-04-23,2021-05-17,50.9,48.56,-807.99,TIME_STOP,24,-4.6
LLY,long,51,2021-04-29,2021-05-24,171.96,191.74,1008.83,T3_HIT,25,11.5
BA,long,20,2021-05-05,2021-05-26,232.45,241.7,185.0,T1_HIT,21,3.98
BA,long,20,2021-05-05,2021-05-28,232.45,247.48,300.6,T2_HIT,23,6.47
LMT,short,53,2021-05-11,2021-06-02,339.43,333.84,296.22,TIME_STOP,22,1.65
AAPL,long,149,2021-05-12,2021-06-03,120.28,121.53,185.9,TIME_STOP,22,1.04
GOOGL,short,113,2021-04-29,2021-06-04,118.41,117.42,111.78,POST_T1_STOP,36,0.84
PFE,short,447,2021-05-06,2021-06-08,29.78,30.24,-204.11,POST_T1_STOP,33,-1.53
HD,long,17,2021-06-21,2021-06-23,269.53,275.51,101.62,T1_HIT,2,2.22
NKE,long,38,2021-06-18,2021-06-25,116.62,140.31,900.11,T1_HIT,7,20.31
NKE,long,38,2021-06-18,2021-06-28,116.62,141.7,952.93,T2_HIT,10,21.5
NKE,long,76,2021-06-18,2021-06-29,116.62,141.09,1859.69,T3_HIT,11,20.98
CAT,long,91,2021-06-15,2021-07-07,200.69,194.12,-598.0,TIME_STOP,22,-3.27
AMZN,short,51,2021-04-30,2021-07-09,176.26,186.13,-503.37,STOP_LOSS,70,-5.6
MRK,short,278,2021-06-17,2021-07-09,65.31,67.09,-494.72,TIME_STOP,22,-2.72
LLY,short,84,2021-06-25,2021-07-19,222.38,221.19,99.36,TIME_STOP,24,0.53
GE,short,122,2021-03-05,2021-07-20,67.1,58.44,1056.48,T3_HIT,137,12.9
BA,long,38,2021-05-05,2021-07-20,232.45,208.1,-925.3,STOP_LOSS,76,-10.48
NFLX,short,364,2021-06-28,2021-07-20,52.81,52.61,74.62,TIME_STOP,22,0.39
QCOM,short,36,2021-07-15,2021-07-20,129.37,124.8,164.81,T1_HIT,5,3.54
HD,long,17,2021-06-21,2021-07-22,269.53,289.56,340.59,T2_HIT,31,7.43
GS,long,14,2021-07-20,2021-07-22,312.08,329.82,248.43,T1_HIT,2,5.69
CVX,long,59,2021-07-20,2021-07-22,78.1,80.96,168.68,T1_HIT,2,3.66
COP,long,97,2021-07-20,2021-07-22,44.76,47.71,285.68,T1_HIT,2,6.58
CAT,long,25,2021-07-20,2021-07-23,186.31,192.24,148.19,T1_HIT,3,3.18
COP,long,97,2021-07-20,2021-07-30,44.76,47.85,299.8,T2_HIT,10,6.9
IWM,long,90,2021-07-09,2021-08-02,210.63,209.05,-142.93,TIME_STOP,24,-0.75
CVX,long,59,2021-07-20,2021-08-02,78.1,83.15,297.47,T2_HIT,13,6.46
GS,long,14,2021-07-20,2021-08-03,312.08,336.87,347.03,T2_HIT,14,7.94
BAC,long,537,2021-07-15,2021-08-06,33.97,34.92,513.13,TIME_STOP,22,2.81
GS,long,30,2021-07-20,2021-08-09,312.08,351.34,1177.91,T3_HIT,20,12.58
CAT,long,25,2021-07-20,2021-08-12,186.31,203.93,440.45,T2_HIT,23,9.46
KO,short,402,2021-07-22,2021-08-13,48.84,49.0,-65.88,TIME_STOP,22,-0.34
MU,long,274,2021-08-12,2021-08-13,70.39,68.31,-569.11,STOP_LOSS,1,-2.95
QCOM,short,107,2021-07-15,2021-08-19,129.37,126.26,333.3,POST_T1_STOP,35,2.41
GOOGL,short,145,2021-07-29,2021-08-20,134.95,134.8,21.55,TIME_STOP,22,0.11
PG,short,154,2021-08-02,2021-08-24,125.61,127.6,-305.65,TIME_STOP,22,-1.58
PFE,short,126,2021-08-24,2021-08-26,38.84,37.25,200.73,T1_HIT,2,4.1
LLY,short,77,2021-08-10,2021-09-01,254.46,247.42,541.71,TIME_STOP,22,2.76
PFE,short,126,2021-08-24,2021-09-01,38.84,36.07,349.32,T2_HIT,8,7.14
HD,long,34,2021-06-21,2021-09-15,269.53,295.85,894.78,T3_HIT,86,9.76
COP,long,193,2021-07-20,2021-09-20,44.76,48.47,715.29,T3_HIT,62,8.28
PFE,short,251,2021-08-24,2021-09-20,38.84,33.89,1244.71,T3_HIT,27,12.77
NVDA,long,238,2021-09-21,2021-09-23,21.35,22.07,171.51,T1_HIT,2,3.38
NFLX,short,341,2021-09-03,2021-09-27,58.58,58.79,-73.31,TIME_STOP,24,-0.37
NKE,long,133,2021-09-07,2021-09-27,150.95,137.87,-1740.29,STOP_LOSS,20,-8.67
LMT,long,16,2021-09-20,2021-09-28,298.13,311.03,206.46,T1_HIT,8,4.33
CVX,long,118,2021-07-20,2021-10-06,78.1,86.0,931.78,T3_HIT,78,10.11
COP,short,350,2021-09-29,2021-10-11,57.02,63.34,-2213.1,STOP_LOSS,12,-11.09
JNJ,long,139,2021-09-20,2021-10-12,142.88,139.83,-422.75,TIME_STOP,22,-2.13
PFE,long,584,2021-09-20,2021-10-12,33.89,32.92,-560.97,TIME_STOP,22,-2.83
LMT,long,16,2021-09-20,2021-10-20,298.13,327.25,465.88,T2_HIT,30,9.77
XOM,short,403,2021-09-28,2021-10-20,50.6,53.12,-1017.79,TIME_STOP,22,-4.99
META,long,15,2021-10-13,2021-10-20,324.12,340.46,245.05,T1_HIT,7,5.04
NVDA,long,238,2021-09-21,2021-10-25,21.35,22.9,369.12,T2_HIT,34,7.27
NFLX,short,325,2021-10-01,2021-10-25,60.42,66.37,-1933.75,STOP_LOSS,24,-9.85
QCOM,long,168,2021-10-04,2021-10-26,116.27,119.86,603.02,TIME_STOP,22,3.09
NVDA,long,474,2021-09-21,2021-10-27,21.35,24.39,1444.28,T3_HIT,36,14.27
UNH,short,49,2021-10-15,2021-10-27,387.96,417.91,-1467.92,STOP_LOSS,12,-7.72
SBUX,long,50,2021-11-01,2021-11-03,95.79,99.46,183.13,T1_HIT,2,3.82
AMD,short,154,2021-10-27,2021-11-05,121.63,139.19,-2704.24,STOP_LOSS,9,-14.44
SBUX,long,50,2021-11-01,2021-11-08,95.79,104.09,414.96,T2_HIT,7,8.66
QCOM,short,132,2021-11-05,2021-11-10,141.66,148.89,-954.74,STOP_LOSS,5,-5.11
GE,short,68,2021-11-10,2021-11-12,68.49,65.38,211.12,T1_HIT,2,4.53
META,long,15,2021-10-13,2021-11-16,324.12,340.84,250.7,T2_HIT,34,5.16
GE,short,68,2021-11-10,2021-11-18,68.49,61.75,458.25,T2_HIT,8,9.84
KO,short,392,2021-10-28,2021-11-19,48.45,48.18,105.61,TIME_STOP,22,0.56
HD,short,57,2021-11-01,2021-11-19,331.03,361.76,-1751.78,STOP_LOSS,18,-9.28
LLY,short,78,2021-10-29,2021-11-22,242.87,251.76,-693.57,TIME_STOP,24,-3.66
NVDA,short,446,2021-11-19,2021-11-23,32.14,31.43,314.74,STOP_LOSS,4,2.2
WFC,long,106,2021-11-22,2021-11-23,45.26,45.33,7.58,T1_HIT,1,0.16
JPM,long,32,2021-11-22,2021-11-24,145.73,149.55,122.15,T1_HIT,2,2.62
GE,short,138,2021-11-10,2021-11-29,68.49,60.43,1111.44,T3_HIT,19,11.76
AMZN,short,106,2021-11-08,2021-11-30,176.16,178.18,-213.38,TIME_STOP,22,-1.14
CSCO,long,98,2021-11-19,2021-11-30,46.88,48.66,174.15,T1_HIT,11,3.79
MU,short,54,2021-12-02,2021-12-03,80.69,81.74,-56.95,T1_HIT,1,-1.31
PFE,short,110,2021-11-29,2021-12-07,43.45,40.37,337.97,T1_HIT,8,7.07
CSCO,long,98,2021-11-19,2021-12-08,46.88,50.84,388.63,T2_HIT,19,8.46
AAPL,short,118,2021-11-23,2021-12-09,157.52,171.0,-1590.83,STOP_LOSS,16,-8.56
PFE,short,331,2021-11-29,2021-12-16,43.45,45.98,-837.05,STOP_LOSS,17,-5.82
CSCO,long,198,2021-11-19,2021-12-17,46.88,52.76,1164.78,T3_HIT,28,12.55
WFC,long,316,2021-11-22,2021-12-23,45.26,43.26,-629.88,POST_T1_STOP,31,-4.4
JPM,long,97,2021-11-22,2021-12-27,145.73,139.91,-564.88,POST_T1_STOP,35,-4.0
MU,short,163,2021-12-02,2021-12-27,80.69,91.52,-1765.19,STOP_LOSS,25,-13.42
MSFT,long,14,2021-12-20,2021-12-28,308.3,330.55,311.53,T1_HIT,8,7.22
NFLX,long,313,2022-01-05,2022-01-07,59.2,54.95,-1331.5,STOP_LOSS,2,-7.19
CAT,long,49,2021-07-20,2022-01-14,186.31,207.34,1030.57,T3_HIT,178,11.29
XOM,short,316,2022-01-06,2022-01-18,58.21,62.33,-1303.81,STOP_LOSS,12,-7.09
NFLX,long,327,2022-01-07,2022-01-19,54.95,51.5,-1126.84,STOP_LOSS,12,-6.27
GS,long,50,2022-01-18,2022-01-19,322.2,320.68,-76.07,STOP_LOSS,1,-0.47
LMT,long,34,2021-09-20,2022-01-20,298.13,334.6,1239.87,T3_HIT,122,12.23
SBUX,long,101,2021-11-01,2022-01-20,95.79,87.47,-840.9,STOP_LOSS,80,-8.69
MSFT,long,44,2021-12-20,2022-01-24,308.3,281.47,-1180.42,STOP_LOSS,35,-8.7
QQQ,long,48,2022-01-07,2022-01-24,373.59,336.5,-1780.0,STOP_LOSS,17,-9.93
META,long,29,2021-10-13,2022-01-25,324.12,297.34,-776.76,STOP_LOSS,104,-8.26
INTC,short,90,2022-01-06,2022-01-25,50.65,47.31,300.5,T1_HIT,19,6.59
NFLX,long,224,2022-01-24,2022-01-25,38.39,37.91,-106.85,STOP_LOSS,1,-1.24
CVX,short,177,2022-01-06,2022-01-26,103.23,110.98,-1371.6,STOP_LOSS,20,-7.51
BAC,long,106,2022-01-25,2022-01-27,39.58,41.44,197.01,T1_HIT,2,4.7
INTC,short,90,2022-01-06,2022-01-28,50.65,44.25,575.96,T2_HIT,22,12.64
INTC,short,182,2022-01-06,2022-01-31,50.65,44.22,1169.78,T3_HIT,25,12.69
AAPL,long,26,2022-01-25,2022-01-31,155.42,166.35,284.18,T1_HIT,6,7.03
NVDA,long,368,2022-01-25,2022-01-31,22.47,23.11,233.31,STOP_LOSS,6,2.82
AAPL,long,26,2022-01-25,2022-02-01,155.42,170.12,382.04,T2_HIT,7,9.45
NFLX,long,53,2022-01-25,2022-02-01,37.91,43.3,285.25,T1_HIT,7,14.2
NFLX,long,53,2022-01-25,2022-02-02,37.91,44.83,366.28,T2_HIT,8,18.23
JPM,long,32,2022-01-25,2022-02-02,128.29,134.4,195.76,T1_HIT,8,4.77
NFLX,long,106,2022-01-25,2022-02-03,37.91,42.14,448.38,T3_HIT,9,11.16
INTC,long,94,2022-01-31,2022-02-04,44.22,44.73,47.48,T1_HIT,4,1.14
BAC,long,106,2022-01-25,2022-02-07,39.58,43.39,404.45,T2_HIT,13,9.64
GOOGL,short,30,2022-02-03,2022-02-07,144.42,142.98,43.28,T1_HIT,4,1.0
JPM,long,32,2022-01-25,2022-02-09,128.29,139.84,369.79,T2_HIT,15,9.01
BAC,long,211,2022-01-25,2022-02-09,39.58,43.98,929.52,T3_HIT,15,11.13
META,long,36,2022-02-07,2022-02-09,235.63,222.25,-481.77,STOP_LOSS,2,-5.68
HD,long,51,2022-01-19,2022-02-10,327.21,319.78,-379.04,TIME_STOP,22,-2.27
LMT,short,50,2022-01-20,2022-02-11,334.6,343.25,-432.66,TIME_STOP,22,-2.59
GOOGL,short,30,2022-02-03,2022-02-14,144.42,132.09,370.19,T2_HIT,11,8.54
MCD,long,73,2022-01-25,2022-02-16,226.08,228.73,193.45,TIME_STOP,22,1.17
CVX,short,149,2022-01-27,2022-02-18,112.27,112.07,29.3,TIME_STOP,22,0.18
GOOGL,short,62,2022-02-03,2022-02-22,144.42,128.7,975.14,T3_HIT,19,10.89
PFE,long,436,2022-02-09,2022-02-23,40.99,37.78,-1401.68,STOP_LOSS,14,-7.84
JNJ,long,31,2022-02-25,2022-02-28,141.65,144.19,78.77,T1_HIT,3,1.79
MS,long,211,2022-02-22,2022-03-02,82.32,76.56,-1214.46,STOP_LOSS,8,-6.99
CAT,long,25,2022-02-25,2022-03-03,171.47,179.23,194.24,T1_HIT,6,4.53
JPM,long,66,2022-01-25,2022-03-07,128.29,118.03,-676.64,STOP_LOSS,41,-7.99
INTC,long,280,2022-01-31,2022-03-08,44.22,44.57,96.94,POST_T1_STOP,36,0.78
JNJ,long,31,2022-02-25,2022-03-08,141.65,152.31,330.44,T2_HIT,11,7.52
CAT,long,25,2022-02-25,2022-03-08,171.47,189.02,438.77,T2_HIT,11,10.24
XOM,short,251,2022-03-03,2022-03-08,69.12,77.07,-1996.45,STOP_LOSS,5,-11.51
MCD,long,78,2022-02-25,2022-03-09,221.73,205.55,-1261.86,STOP_LOSS,12,-7.3
CAT,long,51,2022-02-25,2022-03-09,171.47,197.08,1306.46,T3_HIT,12,14.94
COP,short,50,2022-03-03,2022-03-10,83.09,83.15,-3.42,T1_HIT,7,-0.08
LMT,short,10,2022-03-08,2022-03-10,414.44,402.69,117.51,T1_HIT,2,2.84
XOM,short,55,2022-03-09,2022-03-10,72.73,72.71,0.95,T1_HIT,1,0.02
XOM,short,55,2022-03-09,2022-03-15,72.73,68.22,248.01,T2_HIT,6,6.2
XOM,short,111,2022-03-09,2022-03-16,72.73,67.34,597.56,T3_HIT,7,7.4
MCD,long,21,2022-03-11,2022-03-16,203.7,212.88,192.81,T1_HIT,5,4.51
BAC,long,107,2022-03-07,2022-03-17,35.85,38.08,238.28,T1_HIT,10,6.21
LMT,short,10,2022-03-08,2022-03-17,414.44,381.62,328.13,T2_HIT,9,7.92
JNJ,long,61,2022-02-25,2022-03-22,141.65,155.67,854.91,T3_HIT,25,9.89
MCD,long,21,2022-03-11,2022-03-22,203.7,214.84,234.11,T2_HIT,11,5.47
BAC,long,107,2022-03-07,2022-03-23,35.85,39.26,364.14,T2_HIT,16,9.49
COP,short,150,2022-03-03,2022-03-28,83.09,89.8,-1007.79,STOP_LOSS,25,-8.09
C,long,307,2022-03-07,2022-03-29,47.34,49.27,594.2,TIME_STOP,22,4.09
MCD,long,42,2022-03-11,2022-03-30,203.7,224.33,866.79,T3_HIT,19,10.13
MRK,short,258,2022-03-21,2022-04-07,70.04,75.39,-1379.12,STOP_LOSS,17,-7.63
LLY,short,64,2022-03-21,2022-04-08,277.43,296.95,-1248.87,STOP_LOSS,18,-7.03
BAC,long,215,2022-03-07,2022-04-18,35.85,33.6,-484.58,STOP_LOSS,42,-6.29
LLY,short,14,2022-04-08,2022-04-20,296.95,286.36,148.2,T1_HIT,12,3.56
LLY,short,14,2022-04-08,2022-04-25,296.95,268.75,394.8,T2_HIT,17,9.5
CAT,short,20,2022-04-19,2022-04-25,213.47,200.58,257.88,T1_HIT,6,6.04
CAT,short,20,2022-04-19,2022-04-26,213.47,201.34,242.6,T2_HIT,7,5.68
AMAT,long,105,2022-04-07,2022-04-27,114.77,104.45,-1083.83,STOP_LOSS,20,-8.99
XOM,long,61,2022-04-26,2022-04-29,71.6,76.29,285.62,T1_HIT,3,6.54
KO,short,74,2022-04-22,2022-05-03,58.31,56.23,154.11,T1_HIT,11,3.57
XOM,long,61,2022-04-26,2022-05-05,71.6,79.66,491.53,T2_HIT,9,11.25
CVX,long,33,2022-04-26,2022-05-05,134.01,142.82,290.71,T1_HIT,9,6.57
ABBV,long,33,2022-05-02,2022-05-06,125.89,128.49,85.83,T1_HIT,4,2.07
CVX,long,33,2022-04-26,2022-05-09,134.01,141.55,248.66,T2_HIT,13,5.62
BA,long,77,2022-04-28,2022-05-10,156.61,136.76,-1528.45,STOP_LOSS,12,-12.67
GE,long,314,2022-04-29,2022-05-11,47.26,44.98,-714.26,STOP_LOSS,12,-4.81
AAPL,long,54,2022-01-25,2022-05-12,155.42,139.96,-835.07,STOP_LOSS,107,-9.95
CAT,short,40,2022-04-19,2022-05-13,213.47,191.11,894.36,T3_HIT,24,10.47
NKE,long,31,2022-05-13,2022-05-16,102.09,104.61,78.07,T1_HIT,3,2.47
XOM,long,123,2022-04-26,2022-05-17,71.6,80.21,1058.14,T3_HIT,21,12.01
MSFT,long,15,2022-05-13,2022-05-17,248.42,256.87,126.84,T1_HIT,4,3.4
AAPL,long,25,2022-05-13,2022-05-18,141.74,143.96,55.39,T1_HIT,5,1.56
NKE,long,31,2022-05-13,2022-05-18,102.09,104.16,64.29,T2_HIT,5,2.03
C,long,94,2022-05-13,2022-05-18,40.68,44.09,320.24,T1_HIT,5,8.37
C,long,94,2022-05-13,2022-05-19,40.68,42.29,151.13,T2_HIT,6,3.95
KO,short,74,2022-04-22,2022-05-20,58.31,53.38,365.04,T2_HIT,28,8.46
C,long,190,2022-05-13,2022-05-24,40.68,45.6,934.62,T3_HIT,11,12.09
CVX,long,65,2022-04-26,2022-05-26,134.01,150.15,1048.79,T3_HIT,30,12.04
GOOGL,long,32,2022-05-25,2022-05-31,104.06,111.76,246.17,T1_HIT,6,7.39
GOOGL,long,32,2022-05-25,2022-06-01,104.06,113.85,313.05,T2_HIT,7,9.4
MSFT,long,15,2022-05-13,2022-06-02,248.42,255.86,111.72,T2_HIT,20,3.0
NKE,long,63,2022-05-13,2022-06-03,102.09,111.58,597.77,T3_HIT,21,9.29
MRK,short,55,2022-05-18,2022-06-03,81.38,78.9,136.36,T1_HIT,16,3.05
ABBV,long,98,2022-05-02,2022-06-07,125.89,126.12,22.71,POST_T1_STOP,36,0.18
GOOGL,long,66,2022-05-25,2022-06-07,104.06,114.47,686.58,T3_HIT,13,10.0
MRK,short,55,2022-05-18,2022-06-14,81.38,75.14,343.14,T2_HIT,27,7.67
LMT,short,20,2022-03-08,2022-06-17,414.44,362.89,1030.98,T3_HIT,101,12.44
AAPL,long,75,2022-05-13,2022-06-17,141.74,127.51,-1067.57,STOP_LOSS,35,-10.04
WFC,long,111,2022-06-17,2022-06-22,34.15,34.66,56.12,T1_HIT,5,1.48
PG,long,39,2022-06-16,2022-06-23,118.1,125.33,281.93,T1_HIT,7,6.12
MCD,long,22,2022-06-21,2022-06-23,215.29,222.1,149.98,T1_HIT,2,3.17
GS,long,18,2022-06-14,2022-06-27,257.52,274.48,305.35,T1_HIT,13,6.59
PG,long,39,2022-06-16,2022-06-27,118.1,129.9,460.15,T2_HIT,11,9.99
WFC,long,111,2022-06-17,2022-06-27,34.15,36.87,301.63,T2_HIT,10,7.96
HD,long,18,2022-06-17,2022-06-28,244.49,256.02,207.54,T1_HIT,11,4.72
GS,long,18,2022-06-14,2022-06-29,257.52,274.76,310.4,T2_HIT,15,6.7
MCD,long,22,2022-06-21,2022-07-05,215.29,228.89,299.35,T2_HIT,14,6.32
HON,long,110,2022-06-14,2022-07-06,168.12,156.88,-1235.58,STOP_LOSS,22,-6.68
LLY,short,30,2022-04-08,2022-07-07,296.95,316.57,-588.67,STOP_LOSS,90,-6.61
HD,long,18,2022-06-17,2022-07-18,244.49,268.17,426.28,T2_HIT,31,9.69
WFC,long,223,2022-06-17,2022-07-19,34.15,37.81,815.34,T3_HIT,32,10.71
GS,long,35,2022-06-14,2022-07-20,257.52,287.36,1044.5,T3_HIT,36,11.59
HD,long,36,2022-06-17,2022-07-25,244.49,276.79,1162.73,T3_HIT,38,13.21
PG,long,78,2022-06-16,2022-07-29,118.1,128.31,795.73,T3_HIT,43,8.64
MCD,long,42,2022-06-21,2022-07-29,215.29,240.29,1049.97,T3_HIT,38,11.61
WMT,long,126,2022-07-27,2022-07-29,38.49,40.74,283.24,T1_HIT,2,5.84
WMT,long,126,2022-07-27,2022-08-01,38.49,41.61,392.86,T2_HIT,5,8.1
BA,short,100,2022-07-28,2022-08-02,154.02,167.0,-1298.0,STOP_LOSS,5,-8.43
SBUX,short,262,2022-07-19,2022-08-04,73.66,79.2,-1451.33,STOP_LOSS,16,-7.52
META,long,19,2022-07-29,2022-08-04,156.32,166.83,199.84,T1_HIT,6,6.73
MSFT,long,29,2022-05-13,2022-08-09,248.42,270.56,642.2,T3_HIT,88,8.91
META,long,19,2022-07-29,2022-08-09,156.32,167.48,212.08,T2_HIT,11,7.14
META,long,39,2022-07-29,2022-08-11,156.32,178.15,851.3,T3_HIT,13,13.96
MU,long,70,2022-08-10,2022-08-11,58.85,60.81,137.31,T1_HIT,1,3.33
GS,short,66,2022-07-26,2022-08-12,291.43,320.11,-1893.11,STOP_LOSS,17,-9.84
MU,long,70,2022-08-10,2022-08-12,58.85,61.46,182.62,T2_HIT,2,4.43
WMT,long,250,2022-07-27,2022-08-17,38.49,44.19,1423.5,T3_HIT,21,14.79
INTC,long,497,2022-08-01,2022-08-23,33.96,32.33,-808.45,TIME_STOP,22,-4.79
ABBV,long,156,2022-08-01,2022-08-23,122.61,121.0,-251.4,TIME_STOP,22,-1.31
C,short,103,2022-08-11,2022-08-23,47.31,44.99,238.65,T1_HIT,12,4.9
WMT,short,109,2022-08-17,2022-08-24,44.19,42.84,146.68,T1_HIT,7,3.05
C,short,103,2022-08-11,2022-08-31,47.31,43.25,417.64,T2_HIT,20,8.57
HON,short,107,2022-08-11,2022-09-02,179.78,176.21,381.79,TIME_STOP,22,1.98
MU,long,140,2022-08-10,2022-09-08,58.85,53.44,-756.58,STOP_LOSS,29,-9.18
AMD,long,38,2022-09-02,2022-09-12,83.32,84.89,59.66,T1_HIT,10,1.88
AMAT,long,42,2022-09-02,2022-09-12,90.23,93.86,152.56,T1_HIT,10,4.03
NKE,long,49,2022-09-07,2022-09-12,97.81,103.68,287.35,T1_HIT,5,6.0
NVDA,long,182,2022-09-02,2022-09-13,14.06,13.77,-53.34,T1_HIT,11,-2.08
IWM,long,28,2022-09-02,2022-09-13,174.37,175.57,33.51,T1_HIT,11,0.69
NVDA,long,546,2022-09-02,2022-09-16,14.06,12.71,-737.35,STOP_LOSS,14,-9.6
AMD,long,116,2022-09-02,2022-09-16,83.32,75.62,-893.2,STOP_LOSS,14,-9.24
HON,long,114,2022-09-09,2022-09-19,172.58,160.61,-1363.88,STOP_LOSS,10,-6.93
AAPL,long,32,2022-09-19,2022-09-21,146.58,154.46,252.25,T1_HIT,2,5.38
C,short,206,2022-08-11,2022-09-22,47.31,40.91,1318.02,T3_HIT,42,13.53
WMT,short,327,2022-08-17,2022-09-23,44.19,42.37,594.38,POST_T1_STOP,37,4.11
AMAT,long,126,2022-09-02,2022-09-26,90.23,81.64,-1081.33,STOP_LOSS,24,-9.51
IWM,long,86,2022-09-02,2022-09-26,174.37,157.96,-1410.88,STOP_LOSS,24,-9.41
NKE,long,148,2022-09-07,2022-09-26,97.81,89.45,-1238.51,STOP_LOSS,19,-8.56
KO,short,147,2022-04-22,2022-09-28,58.31,50.73,1114.9,T3_HIT,159,13.01
AAPL,long,96,2022-09-19,2022-10-03,146.58,135.68,-1046.08,STOP_LOSS,14,-7.43
NKE,long,203,2022-09-26,2022-10-03,89.45,77.38,-2448.95,STOP_LOSS,7,-13.49
LLY,short,14,2022-09-29,2022-10-04,324.12,312.68,160.19,T1_HIT,5,3.53
GE,long,116,2022-09-26,2022-10-05,39.45,40.77,153.18,T1_HIT,9,3.35
MSFT,long,80,2022-09-19,2022-10-11,235.1,220.7,-1151.87,TIME_STOP,22,-6.12
GOOGL,long,186,2022-09-19,2022-10-11,100.86,96.57,-796.46,TIME_STOP,22,-4.25
JPM,long,46,2022-09-26,2022-10-17,98.02,105.69,352.48,T1_HIT,21,7.82
NKE,long,42,2022-10-11,2022-10-17,80.09,83.34,136.44,T1_HIT,6,4.06
JPM,long,46,2022-09-26,2022-10-18,98.02,109.58,531.51,T2_HIT,22,11.79
BAC,long,160,2022-09-26,2022-10-18,28.47,31.8,532.35,T1_HIT,22,11.69
GE,long,116,2022-09-26,2022-10-18,39.45,42.91,401.37,T2_HIT,22,8.77
BAC,long,160,2022-09-26,2022-10-19,28.47,31.44,474.17,T2_HIT,23,10.41
AMZN,long,32,2022-10-14,2022-10-19,114.1,114.71,19.52,T1_HIT,5,0.53
JPM,long,94,2022-09-26,2022-10-24,98.02,111.78,1293.58,T3_HIT,28,14.04
GE,long,233,2022-09-26,2022-10-24,39.45,44.63,1206.47,T3_HIT,28,13.13
BAC,long,321,2022-09-26,2022-10-26,28.47,32.2,1196.42,T3_HIT,30,13.09
META,long,27,2022-10-24,2022-10-26,126.14,130.53,118.57,T1_HIT,2,3.48
MRK,short,111,2022-05-18,2022-10-27,81.38,89.21,-869.38,STOP_LOSS,162,-9.62
LLY,short,43,2022-09-29,2022-10-27,324.12,348.41,-1044.14,STOP_LOSS,28,-7.49
NKE,long,42,2022-10-11,2022-10-27,80.09,86.46,267.41,T2_HIT,16,7.95
META,long,81,2022-10-24,2022-10-28,126.14,98.71,-2221.76,STOP_LOSS,4,-21.74
AMZN,long,95,2022-10-14,2022-10-31,114.1,103.56,-1001.3,STOP_LOSS,17,-9.24
HON,short,107,2022-10-27,2022-11-03,176.46,182.85,-684.5,STOP_LOSS,7,-3.63
AMZN,long,105,2022-10-31,2022-11-03,103.56,92.47,-1164.45,STOP_LOSS,3,-10.71
NKE,long,82,2022-10-11,2022-11-07,80.09,89.65,783.9,T3_HIT,27,11.94
LMT,short,45,2022-10-25,2022-11-09,410.99,443.3,-1454.14,STOP_LOSS,15,-7.86
GS,short,54,2022-11-03,2022-11-11,317.11,346.77,-1601.51,STOP_LOSS,8,-9.35
SBUX,short,196,2022-11-07,2022-11-14,83.72,89.22,-1077.27,STOP_LOSS,7,-6.57
XOM,short,41,2022-11-15,2022-11-22,101.28,99.86,58.02,T1_HIT,7,1.4
CVX,short,112,2022-11-01,2022-11-23,157.85,158.5,-72.8,TIME_STOP,22,-0.41
ABBV,short,126,2022-11-15,2022-12-06,134.26,143.57,-1173.4,STOP_LOSS,21,-6.94
XOM,short,41,2022-11-15,2022-12-07,101.28,92.36,365.62,T2_HIT,22,8.8
WMT,short,355,2022-11-17,2022-12-09,46.88,47.2,-115.01,TIME_STOP,22,-0.69
NFLX,short,110,2022-12-12,2022-12-16,32.0,28.88,343.64,T1_HIT,4,9.76
NVDA,short,180,2022-12-14,2022-12-16,17.95,16.83,201.69,T1_HIT,2,6.24
AMAT,short,35,2022-12-14,2022-12-16,108.13,101.13,245.03,T1_HIT,2,6.47
NFLX,short,110,2022-12-12,2022-12-19,32.0,28.97,332.97,T2_HIT,7,9.46
MSFT,short,16,2022-12-14,2022-12-19,250.01,238.08,190.89,T1_HIT,5,4.77
NVDA,short,180,2022-12-14,2022-12-19,17.95,16.54,254.13,T2_HIT,5,7.87
AMAT,short,35,2022-12-14,2022-12-20,108.13,99.11,315.71,T2_HIT,6,8.34
NFLX,short,221,2022-12-12,2022-12-21,32.0,29.0,663.22,T3_HIT,9,9.38
NVDA,short,362,2022-12-14,2022-12-21,17.95,16.08,676.52,T3_HIT,7,10.41
GE,long,91,2022-12-19,2022-12-21,47.27,49.59,211.05,T1_HIT,2,4.91
CVX,long,30,2022-12-19,2022-12-22,147.17,151.53,131.07,T1_HIT,3,2.97
MSFT,short,16,2022-12-14,2022-12-23,250.01,229.57,327.01,T2_HIT,9,8.17
AMAT,short,71,2022-12-14,2022-12-23,108.13,93.88,1011.34,T3_HIT,9,13.17
WFC,long,420,2022-12-07,2022-12-29,39.42,37.65,-745.41,TIME_STOP,22,-4.5
GE,long,91,2022-12-19,2022-12-30,47.27,50.73,315.18,T2_HIT,11,7.33
BAC,long,141,2022-12-12,2023-01-04,29.54,31.0,204.99,T1_HIT,23,4.92
MSFT,short,34,2022-12-14,2023-01-05,250.01,220.91,989.45,T3_HIT,22,11.64
GE,long,182,2022-12-19,2023-01-05,47.27,54.79,1368.94,T3_HIT,17,15.91
MU,long,73,2022-12-23,2023-01-05,48.16,53.09,359.65,T1_HIT,13,10.23
MU,long,73,2022-12-23,2023-01-06,48.16,54.6,470.4,T2_HIT,14,13.38
INTC,long,155,2022-12-19,2023-01-09,25.94,27.81,289.96,T1_HIT,21,7.21
NKE,short,154,2022-12-22,2023-01-09,106.71,116.71,-1540.0,STOP_LOSS,18,-9.37
QCOM,long,36,2022-12-23,2023-01-09,101.45,107.95,234.05,T1_HIT,17,6.41
MU,long,145,2022-12-23,2023-01-09,48.16,55.97,1132.89,T3_HIT,17,16.22
INTC,long,155,2022-12-19,2023-01-10,25.94,28.2,349.74,T2_HIT,22,8.7
INTC,long,309,2022-12-19,2023-01-13,25.94,28.9,914.74,T3_HIT,25,11.41
QCOM,long,36,2022-12-23,2023-01-13,101.45,110.81,336.93,T2_HIT,21,9.23
BAC,long,141,2022-12-12,2023-01-17,29.54,31.72,306.85,T2_HIT,36,7.37
CVX,long,30,2022-12-19,2023-01-19,147.17,152.79,168.7,T2_HIT,31,3.82
QCOM,long,71,2022-12-23,2023-01-19,101.45,111.96,745.92,T3_HIT,27,10.36
JPM,short,148,2023-01-05,2023-01-27,125.15,129.71,-675.83,TIME_STOP,22,-3.65
BAC,long,282,2022-12-12,2023-02-03,29.54,32.94,956.64,T3_HIT,53,11.48
LLY,long,56,2023-01-23,2023-02-03,337.33,324.04,-744.48,STOP_LOSS,11,-3.94
LMT,long,11,2023-01-17,2023-02-07,410.13,430.4,222.92,T1_HIT,21,4.94
LLY,long,14,2023-02-03,2023-02-10,324.04,334.08,140.61,T1_HIT,7,3.1
PFE,long,516,2023-01-20,2023-02-13,36.83,35.85,-503.22,TIME_STOP,24,-2.65
LMT,long,11,2023-01-17,2023-02-14,410.13,439.42,322.11,T2_HIT,28,7.14
GOOGL,long,48,2023-02-23,2023-03-07,91.11,94.15,145.59,T1_HIT,12,3.33
NFLX,long,520,2023-02-24,2023-03-10,31.93,29.79,-1112.8,STOP_LOSS,14,-6.7
AAPL,short,31,2023-03-07,2023-03-13,151.37,145.57,179.82,T1_HIT,6,3.83
CVX,long,58,2022-12-19,2023-03-14,147.17,138.12,-524.4,STOP_LOSS,85,-6.14
LLY,long,44,2023-02-03,2023-03-14,324.04,316.39,-336.22,POST_T1_STOP,39,-2.36
GE,short,64,2023-03-10,2023-03-14,72.1,71.53,36.66,T1_HIT,4,0.79
BAC,long,660,2023-03-13,2023-03-16,26.62,26.12,-328.0,STOP_LOSS,3,-1.87
XOM,short,83,2022-11-15,2023-03-17,101.28,90.22,917.87,T3_HIT,122,10.92
GOOGL,long,48,2023-02-23,2023-03-17,91.11,99.38,396.8,T2_HIT,22,9.07
GOOGL,long,95,2023-02-23,2023-03-20,91.11,99.24,772.15,T3_HIT,25,8.92
MU,long,79,2023-03-03,2023-03-22,55.62,57.53,150.98,T1_HIT,19,3.44
PFE,long,557,2023-03-01,2023-03-23,33.29,32.97,-178.32,TIME_STOP,22,-0.96
MU,long,79,2023-03-03,2023-03-24,55.62,59.61,315.18,T2_HIT,21,7.17
MU,long,158,2023-03-03,2023-03-30,55.62,63.08,1178.24,T3_HIT,27,13.41
GS,long,16,2023-03-16,2023-03-31,285.86,299.24,214.18,T1_HIT,15,4.68
SBUX,long,51,2023-03-20,2023-04-03,91.48,96.06,233.51,T1_HIT,14,5.01
AAPL,short,93,2023-03-07,2023-04-04,151.37,164.07,-1181.48,STOP_LOSS,28,-8.39
CVX,long,33,2023-03-14,2023-04-04,138.12,149.37,370.96,T1_HIT,21,8.14
BAC,long,639,2023-03-16,2023-04-10,26.12,25.47,-417.54,TIME_STOP,25,-2.5
MSFT,short,68,2023-03-20,2023-04-11,269.99,278.54,-581.31,TIME_STOP,22,-3.17
GE,short,192,2023-03-10,2023-04-13,72.1,74.05,-373.59,POST_T1_STOP,34,-2.7
CVX,long,33,2023-03-14,2023-04-14,138.12,150.55,410.13,T2_HIT,31,9.0
SBUX,long,51,2023-03-20,2023-04-14,91.48,98.69,367.69,T2_HIT,25,7.88
GS,long,16,2023-03-16,2023-04-17,285.86,310.83,399.64,T2_HIT,32,8.74
LMT,long,23,2023-01-17,2023-04-19,410.13,460.1,1149.25,T3_HIT,92,12.18
BA,long,24,2023-04-17,2023-04-20,202.0,207.42,130.08,T1_HIT,3,2.68
LLY,short,55,2023-04-05,2023-04-24,349.62,376.14,-1458.51,STOP_LOSS,19,-7.58
LMT,short,10,2023-04-19,2023-04-24,460.1,442.13,179.73,T1_HIT,5,3.91
SBUX,long,101,2023-03-20,2023-04-26,91.48,100.63,923.97,T3_HIT,37,10.0
NVDA,short,177,2023-04-19,2023-04-26,27.3,26.95,63.41,T1_HIT,7,1.31
LMT,short,10,2023-04-19,2023-04-27,460.1,423.3,367.99,T2_HIT,8,8.0
SBUX,short,49,2023-04-26,2023-05-04,100.63,96.25,214.41,T1_HIT,8,4.35
WMT,short,402,2023-04-24,2023-05-16,48.76,48.67,37.07,TIME_STOP,22,0.19
PG,short,135,2023-04-24,2023-05-16,143.6,144.2,-81.17,TIME_STOP,22,-0.42
NVDA,short,532,2023-04-19,2023-05-18,27.3,30.35,-1618.75,STOP_LOSS,29,-11.14
HD,long,18,2023-05-17,2023-05-18,259.63,269.29,173.91,T1_HIT,1,3.72
BA,long,72,2023-04-17,2023-05-22,202.0,205.51,252.72,POST_T1_STOP,35,1.74
CAT,long,95,2023-04-28,2023-05-22,203.43,204.4,91.54,TIME_STOP,24,0.47
SBUX,short,49,2023-04-26,2023-05-24,100.63,93.51,348.66,T2_HIT,28,7.07
LMT,short,22,2023-04-19,2023-05-26,460.1,405.9,1192.49,T3_HIT,37,11.78
QCOM,long,49,2023-05-05,2023-05-30,100.69,106.54,286.78,T1_HIT,25,5.81
QCOM,long,49,2023-05-05,2023-05-31,100.69,106.4,279.88,T2_HIT,26,5.67
NVDA,short,442,2023-05-26,2023-05-31,37.81,39.41,-704.87,STOP_LOSS,5,-4.22
NKE,long,180,2023-05-22,2023-06-01,105.67,97.55,-1461.29,STOP_LOSS,10,-7.68
NVDA,short,104,2023-05-31,2023-06-01,39.41,38.41,103.68,T1_HIT,1,2.53
AMAT,short,36,2023-05-31,2023-06-07,130.36,131.99,-58.66,T1_HIT,7,-1.25
HD,long,18,2023-05-17,2023-06-09,259.63,278.95,347.77,T2_HIT,23,7.44
QCOM,long,98,2023-05-05,2023-06-12,100.69,113.41,1246.56,T3_HIT,38,12.63
NFLX,short,497,2023-05-31,2023-06-12,39.19,41.88,-1338.92,STOP_LOSS,12,-6.87
GS,long,32,2023-03-16,2023-06-15,285.86,314.43,914.4,T3_HIT,91,10.0
NVDA,short,310,2023-05-31,2023-06-20,39.41,42.91,-1087.25,STOP_LOSS,20,-8.9
ABBV,long,160,2023-05-31,2023-06-22,121.82,122.3,75.62,TIME_STOP,22,0.39
MRK,long,50,2023-06-08,2023-06-23,98.1,104.09,299.46,T1_HIT,15,6.11
QCOM,short,44,2023-06-12,2023-06-26,113.41,107.33,267.14,T1_HIT,14,5.35
HD,long,37,2023-05-17,2023-06-28,259.63,289.16,1092.76,T3_HIT,42,11.38
NFLX,short,467,2023-06-12,2023-07-05,41.88,44.49,-1217.94,TIME_STOP,23,-6.23
MS,long,65,2023-06-26,2023-07-05,75.94,78.11,141.19,T1_HIT,9,2.86
AMAT,short,110,2023-05-31,2023-07-07,130.36,136.24,-646.15,POST_T1_STOP,37,-4.51
SBUX,short,97,2023-04-26,2023-07-10,100.63,89.34,1095.16,T3_HIT,75,11.22
CSCO,short,400,2023-06-20,2023-07-12,47.63,47.64,-4.03,TIME_STOP,22,-0.02
MS,long,65,2023-06-26,2023-07-19,75.94,83.09,464.91,T2_HIT,23,9.42
PFE,long,646,2023-06-27,2023-07-19,30.67,30.15,-332.33,TIME_STOP,22,-1.68
MS,long,130,2023-06-26,2023-07-20,75.94,84.62,1128.31,T3_HIT,24,11.43
MRK,long,151,2023-06-08,2023-07-25,98.1,98.14,6.73,POST_T1_STOP,47,0.05
QCOM,short,131,2023-06-12,2023-07-25,113.41,116.37,-387.85,POST_T1_STOP,43,-2.61
MU,short,68,2023-07-28,2023-08-03,70.79,66.82,269.67,T1_HIT,6,5.6
JPM,short,139,2023-07-13,2023-08-04,139.2,146.41,-1001.94,TIME_STOP,22,-5.18
AAPL,short,25,2023-07-20,2023-08-07,192.39,179.61,319.52,T1_HIT,18,6.64
AAPL,short,25,2023-07-20,2023-08-08,192.39,177.21,379.68,T2_HIT,19,7.89
MU,short,68,2023-07-28,2023-08-11,70.79,64.18,449.22,T2_HIT,14,9.33
JNJ,short,123,2023-07-25,2023-08-16,156.16,158.06,-234.39,TIME_STOP,22,-1.22
GOOGL,short,149,2023-07-27,2023-08-18,130.51,127.38,466.7,TIME_STOP,22,2.4
AMZN,short,36,2023-08-07,2023-08-18,140.99,131.62,337.32,T1_HIT,11,6.65
MU,short,138,2023-07-28,2023-08-21,70.79,62.98,1078.15,T3_HIT,24,11.04
QCOM,long,172,2023-08-04,2023-08-21,110.33,102.91,-1276.32,STOP_LOSS,17,-6.73
META,long,18,2023-08-21,2023-08-24,280.98,295.9,268.54,T1_HIT,3,5.31
SBUX,long,56,2023-08-25,2023-08-30,89.11,92.35,181.76,T1_HIT,5,3.64
NKE,long,53,2023-08-24,2023-08-31,92.72,96.41,195.18,T1_HIT,7,3.97
MS,long,250,2023-08-16,2023-09-07,78.64,77.04,-401.29,TIME_STOP,22,-2.04
META,long,18,2023-08-21,2023-09-08,280.98,296.62,281.39,T2_HIT,18,5.56
CSCO,short,394,2023-08-18,2023-09-11,50.47,52.4,-760.78,TIME_STOP,24,-3.83
WFC,long,130,2023-09-07,2023-09-13,38.09,39.94,240.7,T1_HIT,6,4.86
AMZN,short,106,2023-08-07,2023-09-19,140.99,138.7,242.74,POST_T1_STOP,43,1.62
NKE,long,160,2023-08-24,2023-09-26,92.72,84.83,-1262.34,STOP_LOSS,33,-8.51
AAPL,short,49,2023-07-20,2023-09-28,192.39,167.22,1233.26,T3_HIT,70,13.08
XOM,short,193,2023-09-06,2023-09-28,103.5,109.42,-1144.13,TIME_STOP,22,-5.73
COP,short,177,2023-09-06,2023-09-28,112.29,113.21,-163.36,TIME_STOP,22,-0.82
SBUX,long,168,2023-08-25,2023-09-29,89.11,86.37,-459.1,POST_T1_STOP,35,-3.07
LMT,long,51,2023-09-12,2023-10-04,389.7,372.16,-894.4,TIME_STOP,22,-4.5
META,long,35,2023-08-21,2023-10-10,280.98,316.34,1237.58,T3_HIT,50,12.58
XOM,long,50,2023-10-09,2023-10-10,100.72,101.25,26.45,T1_HIT,1,0.53
C,long,131,2023-10-05,2023-10-11,36.33,38.18,242.63,T1_HIT,6,5.1
WFC,long,391,2023-09-07,2023-10-13,38.09,38.18,36.57,POST_T1_STOP,36,0.25
C,long,131,2023-10-05,2023-10-16,36.33,38.46,279.87,T2_HIT,11,5.88
JNJ,long,133,2023-09-28,2023-10-20,145.34,140.95,-584.21,TIME_STOP,22,-3.02
WMT,long,96,2023-10-09,2023-10-25,50.21,52.83,251.14,T1_HIT,16,5.21
MSFT,short,14,2023-10-26,2023-10-27,333.37,323.48,138.56,T1_HIT,1,2.97
META,long,16,2023-10-27,2023-10-31,291.92,300.67,140.05,T1_HIT,4,3.0
META,long,16,2023-10-27,2023-11-02,291.92,314.54,361.94,T2_HIT,6,7.75
GOOGL,long,40,2023-10-30,2023-11-03,122.13,126.89,190.71,T1_HIT,4,3.9
CVX,long,67,2023-03-14,2023-11-09,138.12,127.28,-726.32,STOP_LOSS,240,-7.85
XOM,long,148,2023-10-09,2023-11-09,100.72,94.55,-913.8,POST_T1_STOP,31,-6.13
LMT,short,48,2023-10-18,2023-11-09,411.78,413.73,-93.63,TIME_STOP,22,-0.47
GOOGL,long,40,2023-10-30,2023-11-09,122.13,130.8,346.92,T2_HIT,10,7.1
META,long,33,2023-10-27,2023-11-10,291.92,317.15,832.86,T3_HIT,14,8.65
MSFT,short,44,2023-10-26,2023-11-13,333.37,360.47,-1192.29,STOP_LOSS,18,-8.13
C,long,262,2023-10-05,2023-11-15,36.33,41.31,1306.27,T3_HIT,41,13.72
WMT,long,96,2023-10-09,2023-11-15,50.21,54.52,413.39,T2_HIT,37,8.58
GOOGL,long,79,2023-10-30,2023-11-17,122.13,134.8,1001.53,T3_HIT,18,10.38
SBUX,short,211,2023-11-03,2023-11-17,93.85,100.51,-1406.86,STOP_LOSS,14,-7.1
ABBV,long,150,2023-11-01,2023-11-24,129.18,127.49,-254.06,TIME_STOP,23,-1.31
BA,short,95,2023-11-14,2023-11-24,207.25,220.61,-1269.2,STOP_LOSS,10,-6.45
MU,short,267,2023-11-10,2023-12-04,73.74,74.71,-259.2,TIME_STOP,24,-1.32
HD,short,68,2023-11-15,2023-12-07,283.64,306.21,-1534.87,STOP_LOSS,22,-7.96
IWM,short,111,2023-11-16,2023-12-08,172.76,179.55,-754.59,TIME_STOP,22,-3.94
GOOGL,long,36,2023-12-05,2023-12-08,127.82,133.02,187.34,T1_HIT,3,4.07
CSCO,long,431,2023-11-17,2023-12-11,44.71,45.54,356.96,TIME_STOP,24,1.85
NKE,short,181,2023-11-30,2023-12-12,104.19,113.19,-1629.83,STOP_LOSS,12,-8.64
AMD,short,143,2023-12-11,2023-12-13,130.56,137.97,-1059.63,STOP_LOSS,2,-5.68
PFE,long,757,2023-12-04,2023-12-14,24.68,22.75,-1454.7,STOP_LOSS,10,-7.79
JNJ,short,31,2023-12-05,2023-12-14,147.72,145.55,67.19,T1_HIT,9,1.47
PFE,long,198,2023-12-14,2023-12-20,22.75,23.97,240.75,T1_HIT,6,5.34
GOOGL,long,36,2023-12-05,2023-12-21,127.82,138.26,376.11,T2_HIT,16,8.17
INTC,short,398,2023-12-15,2023-12-27,45.33,49.96,-1841.95,STOP_LOSS,12,-10.21
C,short,415,2023-12-07,2023-12-29,44.53,47.89,-1395.38,STOP_LOSS,22,-7.55
PFE,long,198,2023-12-14,2023-12-29,22.75,24.47,340.08,T2_HIT,15,7.55
PFE,long,395,2023-12-14,2024-01-03,22.75,25.51,1088.21,T3_HIT,20,12.11
AMAT,short,28,2023-12-18,2024-01-03,157.67,148.67,251.89,T1_HIT,16,5.71
AMAT,short,28,2023-12-18,2024-01-05,157.67,147.07,296.62,T2_HIT,18,6.72
HON,short,93,2023-12-15,2024-01-08,191.07,190.38,63.63,TIME_STOP,24,0.36
UNH,long,35,2023-12-18,2024-01-09,501.65,510.07,295.0,TIME_STOP,22,1.68
PG,long,132,2023-12-18,2024-01-09,135.06,139.19,544.12,TIME_STOP,22,3.05
GOOGL,long,72,2023-12-05,2024-01-12,127.82,141.42,979.16,T3_HIT,38,10.64
JNJ,short,94,2023-12-05,2024-01-16,147.72,150.29,-242.2,POST_T1_STOP,42,-1.74
WFC,long,104,2024-01-17,2024-01-23,43.63,45.9,236.47,T1_HIT,6,5.21
IWM,long,25,2024-01-18,2024-01-24,185.62,193.09,186.64,T1_HIT,6,4.02
AMAT,short,56,2023-12-18,2024-01-25,157.67,173.62,-893.43,STOP_LOSS,38,-10.12
AMD,short,103,2024-01-19,2024-01-25,165.8,183.41,-1813.83,STOP_LOSS,6,-10.62
BAC,long,152,2024-01-19,2024-01-25,29.98,31.31,202.07,T1_HIT,6,4.43
CVX,long,36,2024-01-19,2024-01-26,127.43,133.1,203.92,T1_HIT,7,4.45
INTC,short,92,2024-01-26,2024-01-29,43.6,43.13,42.67,T1_HIT,3,1.06
WFC,long,104,2024-01-17,2024-01-30,43.63,47.77,430.75,T2_HIT,13,9.49
INTC,short,92,2024-01-26,2024-01-30,43.6,43.09,46.3,T2_HIT,4,1.15
BAC,long,152,2024-01-19,2024-01-31,29.98,32.59,396.98,T2_HIT,12,8.71
QCOM,short,32,2024-01-23,2024-01-31,145.16,138.01,228.81,T1_HIT,8,4.93
INTC,short,186,2024-01-26,2024-01-31,43.6,42.01,295.5,T3_HIT,5,3.64
QCOM,short,32,2024-01-23,2024-02-02,145.16,133.56,371.32,T2_HIT,10,7.99
CVX,long,36,2024-01-19,2024-02-05,127.43,136.32,320.12,T2_HIT,17,6.98
LLY,short,29,2024-02-01,2024-02-06,636.21,729.26,-2698.28,STOP_LOSS,5,-14.62
UNH,long,37,2024-01-19,2024-02-12,488.27,491.32,112.96,TIME_STOP,24,0.63
GE,short,179,2024-01-23,2024-02-14,100.35,112.43,-2163.11,STOP_LOSS,22,-12.04
WFC,long,206,2024-01-17,2024-02-16,43.63,49.35,1178.73,T3_HIT,30,13.12
IWM,long,25,2024-01-18,2024-02-16,185.62,196.73,277.64,T2_HIT,29,5.98
NFLX,short,334,2024-01-25,2024-02-16,55.19,59.69,-1503.0,STOP_LOSS,22,-8.15
WMT,long,191,2023-10-09,2024-02-21,50.21,56.87,1272.05,T3_HIT,135,13.26
AMAT,short,23,2024-02-20,2024-02-21,191.67,184.47,165.7,T1_HIT,1,3.76
CAT,short,57,2024-02-06,2024-02-28,312.9,316.96,-231.77,TIME_STOP,22,-1.3
BAC,long,306,2024-01-19,2024-03-05,29.98,33.17,974.04,T3_HIT,46,10.62
QCOM,short,63,2024-01-23,2024-03-05,145.16,157.22,-759.55,STOP_LOSS,42,-8.31
NVDA,short,187,2024-02-26,2024-03-05,79.56,85.12,-1040.49,STOP_LOSS,8,-6.99
CSCO,long,388,2024-02-16,2024-03-11,45.72,46.63,352.95,TIME_STOP,24,1.99
AMD,short,69,2024-03-05,2024-03-11,200.5,203.01,-173.19,STOP_LOSS,6,-1.25
WMT,short,316,2024-02-21,2024-03-14,56.87,59.95,-972.09,TIME_STOP,22,-5.41
MU,short,45,2024-03-05,2024-03-15,93.49,91.73,79.01,T1_HIT,10,1.88
AMAT,short,68,2024-02-20,2024-03-22,191.67,204.68,-884.52,POST_T1_STOP,31,-6.79
UNH,long,37,2024-02-29,2024-03-22,472.62,471.35,-47.28,TIME_STOP,22,-0.27
MU,short,136,2024-03-05,2024-03-22,93.49,108.43,-2031.62,STOP_LOSS,17,-15.98
C,short,323,2024-03-06,2024-03-22,53.51,57.24,-1202.4,STOP_LOSS,16,-6.96
CVX,long,71,2024-01-19,2024-03-26,127.43,142.26,1053.18,T3_HIT,67,11.64
MU,short,129,2024-03-22,2024-03-26,108.43,118.04,-1239.92,STOP_LOSS,4,-8.86
MRK,long,37,2024-03-11,2024-03-28,115.25,122.82,280.09,T1_HIT,17,6.57
IWM,long,49,2024-01-18,2024-04-01,185.62,205.67,982.25,T3_HIT,74,10.8
GE,short,128,2024-03-11,2024-04-02,131.37,138.44,-905.15,TIME_STOP,22,-5.38
MU,short,113,2024-03-27,2024-04-04,118.34,129.25,-1233.6,STOP_LOSS,8,-9.23
HON,short,21,2024-04-01,2024-04-05,193.57,184.63,187.82,T1_HIT,4,4.62
MCD,long,64,2024-03-15,2024-04-08,267.16,253.28,-888.62,TIME_STOP,24,-5.2
AAPL,long,100,2024-03-18,2024-04-09,173.83,167.02,-680.18,TIME_STOP,22,-3.91
NKE,long,184,2024-03-25,2024-04-16,89.29,88.31,-179.88,TIME_STOP,22,-1.09
UNH,long,9,2024-04-03,2024-04-17,439.75,455.55,142.2,T1_HIT,14,3.59
MS,long,49,2024-04-15,2024-04-17,82.32,84.5,107.04,T1_HIT,2,2.65
META,short,8,2024-04-05,2024-04-18,512.9,495.99,135.28,T1_HIT,13,3.3
UNH,long,9,2024-04-03,2024-04-19,439.75,473.06,299.83,T2_HIT,16,7.58
MS,long,49,2024-04-15,2024-04-24,82.32,87.29,243.94,T2_HIT,9,6.05
NFLX,long,74,2024-04-23,2024-04-24,55.65,57.43,131.87,T1_HIT,1,3.2
AMAT,long,22,2024-04-23,2024-04-25,186.76,192.68,130.22,T1_HIT,2,3.17
MRK,long,37,2024-03-11,2024-04-26,115.25,121.08,215.71,T2_HIT,46,5.06
META,short,8,2024-04-05,2024-04-26,512.9,438.08,598.58,T2_HIT,21,14.59
META,short,15,2024-04-05,2024-04-29,512.9,436.2,1150.63,T3_HIT,24,14.96
AMAT,long,22,2024-04-23,2024-04-30,186.76,199.93,289.82,T2_HIT,7,7.05
GOOGL,short,25,2024-04-29,2024-05-01,167.57,162.86,117.95,T1_HIT,2,2.82
HON,short,64,2024-04-01,2024-05-07,193.57,183.81,624.88,POST_T1_STOP,36,5.04
MS,long,97,2024-04-15,2024-05-08,82.32,90.3,774.08,T3_HIT,23,9.69
NFLX,long,74,2024-04-23,2024-05-08,55.65,60.16,334.04,T2_HIT,15,8.11
CAT,long,13,2024-04-26,2024-05-10,328.85,344.95,209.18,T1_HIT,14,4.89
SBUX,long,63,2024-05-08,2024-05-10,68.2,71.05,179.5,T1_HIT,2,4.18
UNH,long,19,2024-04-03,2024-05-13,439.75,487.38,905.14,T3_HIT,40,10.83
AMAT,long,44,2024-04-23,2024-05-13,186.76,204.57,783.94,T3_HIT,20,9.54
NFLX,long,149,2024-04-23,2024-05-13,55.65,61.43,861.37,T3_HIT,20,10.39
MSFT,long,11,2024-04-26,2024-05-13,405.06,410.8,63.13,T1_HIT,17,1.42
KO,short,294,2024-04-26,2024-05-20,57.71,59.0,-380.38,TIME_STOP,24,-2.24
SBUX,long,63,2024-05-08,2024-05-20,68.2,73.84,355.39,T2_HIT,12,8.27
MSFT,long,11,2024-04-26,2024-05-22,405.06,423.44,202.11,T2_HIT,26,4.54
SBUX,long,127,2024-05-08,2024-05-23,68.2,76.14,1008.58,T3_HIT,15,11.64
AAPL,short,94,2024-05-06,2024-05-29,180.54,187.98,-699.6,TIME_STOP,23,-4.12
UNH,short,9,2024-05-17,2024-05-30,497.75,459.09,347.97,T1_HIT,13,7.77
MS,short,46,2024-05-22,2024-05-30,95.83,92.43,156.25,T1_HIT,8,3.54
GOOGL,short,75,2024-04-29,2024-05-31,167.57,170.35,-208.15,POST_T1_STOP,32,-1.66
UNH,short,9,2024-05-17,2024-05-31,497.75,459.17,347.2,T2_HIT,14,7.75
CAT,long,38,2024-04-26,2024-06-11,328.85,318.48,-394.35,POST_T1_STOP,46,-3.16
LLY,short,22,2024-05-22,2024-06-11,789.97,869.99,-1760.49,STOP_LOSS,20,-10.13
MSFT,long,21,2024-04-26,2024-06-18,405.06,442.75,791.49,T3_HIT,53,9.3
QCOM,short,20,2024-06-20,2024-06-21,214.85,202.93,238.42,T1_HIT,1,5.55
QCOM,short,20,2024-06-20,2024-06-25,214.85,194.67,403.64,T2_HIT,5,9.39
QCOM,short,41,2024-06-20,2024-06-26,214.85,191.96,938.64,T3_HIT,6,10.66
WFC,long,317,2024-06-06,2024-06-28,56.17,55.51,-209.01,TIME_STOP,22,-1.17
MS,short,137,2024-05-22,2024-07-01,95.83,92.27,487.41,POST_T1_STOP,40,3.71
C,long,80,2024-06-24,2024-07-01,56.84,60.2,268.62,T1_HIT,7,5.91
CAT,long,14,2024-06-17,2024-07-02,312.37,318.71,88.83,T1_HIT,15,2.03
LLY,short,20,2024-06-12,2024-07-05,859.99,886.05,-521.32,TIME_STOP,23,-3.03
C,long,80,2024-06-24,2024-07-05,56.84,61.01,332.93,T2_HIT,11,7.32
AAPL,short,83,2024-06-13,2024-07-08,212.9,225.14,-1016.25,TIME_STOP,25,-5.75
MCD,long,19,2024-07-10,2024-07-15,235.62,241.95,120.35,T1_HIT,5,2.69
CAT,long,14,2024-06-17,2024-07-16,312.37,337.01,344.98,T2_HIT,29,7.89
CAT,long,28,2024-06-17,2024-07-17,312.37,348.8,1020.26,T3_HIT,30,11.67
C,long,158,2024-06-24,2024-07-17,56.84,63.22,1007.24,T3_HIT,23,11.21
WFC,long,84,2024-07-15,2024-07-17,54.51,57.49,249.63,T1_HIT,2,5.45
UNH,short,17,2024-05-17,2024-07-18,497.75,539.59,-711.24,STOP_LOSS,62,-8.41
INTC,short,132,2024-07-15,2024-07-22,34.48,33.07,186.26,T1_HIT,7,4.09
NFLX,long,70,2024-07-18,2024-07-22,65.66,63.95,-119.7,T1_HIT,4,-2.6
INTC,short,132,2024-07-15,2024-07-25,34.48,31.17,436.79,T2_HIT,10,9.6
MCD,long,19,2024-07-10,2024-07-31,235.62,253.19,333.85,T2_HIT,21,7.46
INTC,short,263,2024-07-15,2024-07-31,34.48,30.35,1087.18,T3_HIT,16,11.99
NVDA,long,102,2024-07-26,2024-07-31,116.0,112.71,-335.03,STOP_LOSS,5,-2.83
MRK,long,74,2024-03-11,2024-08-01,115.25,105.89,-692.51,STOP_LOSS,143,-8.12
MCD,long,38,2024-07-10,2024-08-05,235.62,261.41,980.16,T3_HIT,26,10.95
PG,long,29,2024-07-31,2024-08-05,153.5,163.11,278.76,T1_HIT,5,6.26
WFC,long,250,2024-07-15,2024-08-06,54.51,49.96,-1139.51,STOP_LOSS,22,-8.36
IWM,short,22,2024-07-15,2024-08-06,210.18,198.65,253.6,T1_HIT,22,5.48
NFLX,long,212,2024-07-18,2024-08-06,65.66,60.06,-1186.78,STOP_LOSS,19,-8.53
NVDA,long,83,2024-08-05,2024-08-06,91.91,103.67,976.13,STOP_LOSS,1,12.8
AMZN,long,21,2024-08-06,2024-08-08,161.71,165.17,72.66,T1_HIT,2,2.14
PFE,short,173,2024-07-26,2024-08-09,26.79,25.45,230.56,T1_HIT,14,4.98
MU,long,25,2024-08-06,2024-08-12,88.64,92.52,96.89,T1_HIT,6,4.37
AAPL,long,22,2024-08-06,2024-08-13,203.54,217.38,304.56,T1_HIT,7,6.8
MU,long,25,2024-08-06,2024-08-14,88.64,100.37,293.16,T2_HIT,8,13.23
MU,long,50,2024-08-06,2024-08-15,88.64,102.86,711.03,T3_HIT,9,16.04
AMZN,long,21,2024-08-06,2024-08-16,161.71,177.04,321.93,T2_HIT,10,9.48
HON,long,95,2024-07-26,2024-08-19,192.36,189.06,-313.59,TIME_STOP,24,-1.72
KO,short,293,2024-07-26,2024-08-19,62.42,65.52,-908.02,TIME_STOP,24,-4.96
AAPL,long,22,2024-08-06,2024-08-19,203.54,224.04,451.08,T2_HIT,13,10.07
AMZN,long,42,2024-08-06,2024-08-22,161.71,181.38,826.14,T3_HIT,16,12.16
MSFT,long,44,2024-08-01,2024-08-23,414.28,411.27,-132.49,TIME_STOP,22,-0.73
LMT,short,35,2024-08-01,2024-08-23,516.14,529.38,-463.54,TIME_STOP,22,-2.57
PG,long,29,2024-07-31,2024-09-04,153.5,165.74,354.88,T2_HIT,35,7.97
IWM,short,64,2024-07-15,2024-09-05,210.18,208.95,78.28,POST_T1_STOP,52,0.58
CSCO,short,410,2024-08-16,2024-09-09,46.38,46.22,66.46,TIME_STOP,24,0.35
NFLX,short,68,2024-08-21,2024-09-09,69.7,67.4,156.4,T1_HIT,19,3.3
PFE,short,520,2024-07-26,2024-09-10,26.79,26.14,337.26,POST_T1_STOP,46,2.42
WMT,short,254,2024-08-23,2024-09-16,74.42,79.58,-1310.23,TIME_STOP,24,-6.93
MU,long,35,2024-09-13,2024-09-16,87.54,86.69,-29.56,T1_HIT,3,-0.96
XOM,long,46,2024-09-12,2024-09-18,103.74,107.72,182.81,T1_HIT,6,3.83
CVX,long,37,2024-09-12,2024-09-18,128.33,133.06,174.84,T1_HIT,6,3.68
C,long,86,2024-09-12,2024-09-19,54.78,58.17,291.54,T1_HIT,7,6.19
C,long,86,2024-09-12,2024-09-20,54.78,59.7,422.94,T2_HIT,8,8.98
MU,long,35,2024-09-13,2024-09-24,87.54,94.14,230.95,T2_HIT,11,7.54
CVX,long,37,2024-09-12,2024-09-25,128.33,136.43,299.53,T2_HIT,13,6.31
MU,long,70,2024-09-13,2024-09-27,87.54,109.81,1558.9,T3_HIT,14,25.44
MCD,short,69,2024-09-09,2024-10-01,278.27,292.17,-958.62,TIME_STOP,22,-4.99
MU,short,33,2024-09-27,2024-10-01,109.81,102.75,232.84,T1_HIT,4,6.43
XOM,long,46,2024-09-12,2024-10-02,103.74,115.1,522.39,T2_HIT,20,10.95
MU,short,33,2024-09-27,2024-10-02,109.81,99.96,324.99,T2_HIT,5,8.97
XOM,long,90,2024-09-12,2024-10-04,103.74,116.3,1129.96,T3_HIT,22,12.1
NFLX,short,203,2024-08-21,2024-10-08,69.7,70.39,-139.66,POST_T1_STOP,48,-0.99
HD,short,52,2024-09-18,2024-10-09,367.55,401.92,-1786.91,STOP_LOSS,21,-9.35
C,long,173,2024-09-12,2024-10-10,54.78,61.12,1095.3,T3_HIT,28,11.56
QQQ,short,40,2024-09-20,2024-10-14,477.48,491.31,-553.26,TIME_STOP,24,-2.9
AAPL,long,43,2024-08-06,2024-10-16,203.54,229.88,1132.62,T3_HIT,71,12.94
MSFT,short,11,2024-10-31,2024-11-01,409.67,403.41,68.89,T1_HIT,1,1.53
CVX,long,73,2024-09-12,2024-11-04,128.33,143.36,1097.22,T3_HIT,53,11.71
BAC,short,485,2024-10-16,2024-11-07,40.58,43.31,-1319.71,STOP_LOSS,22,-6.7
GS,short,38,2024-10-17,2024-11-07,513.08,569.83,-2156.53,STOP_LOSS,21,-11.06
UNH,long,9,2024-10-18,2024-11-07,543.75,574.3,274.89,T1_HIT,20,5.62
HON,long,24,2024-10-30,2024-11-07,194.76,206.67,285.79,T1_HIT,8,6.11
UNH,long,9,2024-10-18,2024-11-11,543.75,591.77,432.1,T2_HIT,24,8.83
HD,long,12,2024-11-07,2024-11-11,374.16,390.21,192.57,T1_HIT,4,4.29
HON,long,24,2024-10-30,2024-11-12,194.76,228.02,798.14,T2_HIT,13,17.08
HON,long,50,2024-10-30,2024-11-13,194.76,223.87,1455.13,T3_HIT,14,14.94
KO,long,304,2024-10-24,2024-11-14,64.36,60.04,-1312.95,STOP_LOSS,21,-6.71
MCD,long,68,2024-10-24,2024-11-15,286.99,285.65,-91.34,TIME_STOP,22,-0.47
MU,short,66,2024-09-27,2024-11-18,109.81,96.05,907.82,T3_HIT,52,12.53
MRK,long,54,2024-11-18,2024-11-22,90.99,94.54,191.84,T1_HIT,4,3.9
HD,long,12,2024-11-07,2024-11-25,374.16,406.7,390.43,T2_HIT,18,8.7
AAPL,long,22,2024-11-04,2024-11-26,219.35,231.85,275.07,T1_HIT,22,5.7
HD,long,26,2024-11-07,2024-11-27,374.16,412.3,991.66,T3_HIT,20,10.19
PG,long,57,2024-07-31,2024-11-29,153.5,171.58,1030.55,T3_HIT,121,11.78
C,short,284,2024-11-07,2024-12-02,65.7,68.65,-837.24,TIME_STOP,25,-4.49
MSFT,short,34,2024-10-31,2024-12-03,409.67,424.8,-514.43,POST_T1_STOP,33,-3.69
AAPL,long,22,2024-11-04,2024-12-03,219.35,238.29,416.72,T2_HIT,29,8.64
HON,short,22,2024-11-13,2024-12-04,223.87,217.69,135.82,T1_HIT,21,2.76
WMT,short,233,2024-11-20,2024-12-04,85.25,91.99,-1571.19,STOP_LOSS,14,-7.91
MU,long,45,2024-12-02,2024-12-04,97.1,100.25,141.92,T1_HIT,2,3.25
JPM,short,84,2024-11-14,2024-12-06,234.07,237.24,-266.03,TIME_STOP,22,-1.35
MRK,long,54,2024-11-18,2024-12-06,90.99,97.63,358.74,T2_HIT,18,7.3
AAPL,long,45,2024-11-04,2024-12-12,219.35,245.32,1168.96,T3_HIT,38,11.84
UNH,long,18,2024-10-18,2024-12-13,543.75,496.53,-850.07,STOP_LOSS,56,-8.69
MU,long,45,2024-12-02,2024-12-17,97.1,109.19,543.94,T2_HIT,15,12.45
MU,long,91,2024-12-02,2024-12-18,97.1,109.68,1145.24,T3_HIT,16,12.96
NFLX,short,219,2024-12-06,2024-12-30,91.52,89.45,453.77,TIME_STOP,24,2.26
BA,short,28,2024-12-23,2024-12-31,178.12,177.54,16.24,T1_HIT,8,0.33
HON,short,66,2024-11-13,2025-01-03,223.87,216.33,497.17,POST_T1_STOP,51,3.36
XOM,long,186,2024-12-12,2025-01-03,106.21,102.79,-635.52,TIME_STOP,22,-3.22
LMT,long,41,2024-12-13,2025-01-06,475.74,459.59,-662.03,TIME_STOP,24,-3.39
NVDA,short,31,2025-01-07,2025-01-08,152.8,142.37,323.47,T1_HIT,1,6.83
CVX,long,143,2024-12-18,2025-01-10,138.58,143.88,757.73,TIME_STOP,23,3.82
NVDA,short,31,2025-01-07,2025-01-13,152.8,129.8,713.17,T2_HIT,6,15.06
NVDA,short,63,2025-01-07,2025-01-14,152.8,135.85,1068.15,T3_HIT,7,11.1
C,short,286,2025-01-07,2025-01-16,71.2,74.98,-1082.84,STOP_LOSS,9,-5.32
NVDA,long,29,2025-01-14,2025-01-17,135.85,136.49,18.53,T1_HIT,3,0.47
NVDA,long,29,2025-01-14,2025-01-23,135.85,144.83,260.61,T2_HIT,9,6.62
INTC,short,209,2025-01-22,2025-01-27,21.73,20.81,192.28,T1_HIT,5,4.23
NVDA,long,59,2025-01-14,2025-01-28,135.85,121.63,-838.91,STOP_LOSS,14,-10.47
AMAT,short,28,2025-01-17,2025-01-28,190.61,171.6,532.33,T1_HIT,11,9.97
AAPL,long,23,2025-01-22,2025-01-28,218.39,229.38,252.77,T1_HIT,6,5.03
AMAT,short,28,2025-01-17,2025-01-29,190.61,177.77,359.5,T2_HIT,12,6.74
INTC,short,209,2025-01-22,2025-01-29,21.73,19.87,388.74,T2_HIT,7,8.56
BA,short,83,2024-12-23,2025-01-30,178.12,174.59,292.99,POST_T1_STOP,38,1.98
BAC,short,460,2025-01-08,2025-01-30,44.38,45.55,-538.14,TIME_STOP,22,-2.64
AAPL,long,23,2025-01-22,2025-01-31,218.39,245.62,626.2,T2_HIT,9,12.47
INTC,short,418,2025-01-22,2025-02-04,21.73,19.1,1099.34,T3_HIT,13,12.1
NVDA,long,91,2025-01-30,2025-02-04,122.92,116.79,-557.91,STOP_LOSS,5,-4.99
MRK,long,110,2024-11-18,2025-02-05,90.99,85.86,-564.55,STOP_LOSS,79,-5.64
JPM,short,82,2025-01-17,2025-02-07,246.65,269.1,-1840.79,STOP_LOSS,21,-9.1
MRK,long,237,2025-02-05,2025-02-18,85.86,77.06,-2084.56,STOP_LOSS,13,-10.24
AMD,long,34,2025-02-06,2025-02-21,110.93,114.85,133.28,T1_HIT,15,3.53
META,short,30,2025-01-31,2025-02-24,687.6,682.9,140.9,TIME_STOP,24,0.68
SBUX,short,198,2025-01-31,2025-02-24,104.89,108.69,-752.53,TIME_STOP,24,-3.62
AAPL,long,45,2025-01-22,2025-02-26,218.39,243.05,1109.3,T3_HIT,35,11.29
HD,long,14,2025-02-25,2025-02-26,370.36,380.21,137.91,T1_HIT,1,2.66
WMT,long,54,2025-02-25,2025-02-26,93.09,96.39,178.48,T1_HIT,1,3.55
AMAT,short,54,2025-01-17,2025-02-28,190.61,155.7,1885.16,T3_HIT,42,18.31
AMD,long,101,2025-02-06,2025-02-28,110.93,99.56,-1148.37,STOP_LOSS,22,-10.25
COP,long,211,2025-02-07,2025-03-03,95.26,95.74,100.33,TIME_STOP,24,0.5
UNH,long,10,2025-02-24,2025-03-07,449.38,465.9,165.14,T1_HIT,11,3.67
MS,long,161,2025-02-26,2025-03-07,126.32,115.01,-1821.55,STOP_LOSS,9,-8.96
CSCO,short,319,2025-02-14,2025-03-10,61.71,61.41,95.66,TIME_STOP,24,0.49
META,long,29,2025-03-05,2025-03-11,637.85,592.12,-1326.0,STOP_LOSS,6,-7.17
WMT,long,163,2025-02-25,2025-03-13,93.09,83.8,-1513.29,STOP_LOSS,16,-9.97
PG,short,27,2025-03-11,2025-03-13,169.85,162.0,212.05,T1_HIT,2,4.62
HD,long,40,2025-02-25,2025-03-14,370.36,339.46,-1236.14,STOP_LOSS,17,-8.34
IWM,long,95,2025-02-26,2025-03-14,212.77,197.19,-1480.03,STOP_LOSS,16,-7.32
C,long,60,2025-03-11,2025-03-18,65.28,67.88,155.99,T1_HIT,7,3.98
UNH,long,10,2025-02-24,2025-03-19,449.38,488.4,390.17,T2_HIT,23,8.68
ABBV,short,104,2025-02-26,2025-03-20,193.98,202.96,-933.44,TIME_STOP,22,-4.63
C,long,60,2025-03-11,2025-03-21,65.28,69.15,232.24,T2_HIT,10,5.93
BAC,long,121,2025-03-07,2025-03-25,40.19,42.18,240.16,T1_HIT,18,4.94
JNJ,short,28,2025-03-11,2025-03-26,161.74,155.94,162.24,T1_HIT,15,3.58
UNH,long,20,2025-02-24,2025-03-27,449.38,499.28,997.92,T3_HIT,31,11.1
AMZN,long,96,2025-03-05,2025-03-27,204.8,200.89,-375.36,TIME_STOP,22,-1.91
HD,long,14,2025-03-24,2025-03-28,343.3,351.57,115.74,T1_HIT,4,2.41
JNJ,short,28,2025-03-11,2025-04-02,161.74,148.98,357.25,T2_HIT,22,7.89
BAC,long,364,2025-03-07,2025-04-04,40.19,34.34,-2132.0,STOP_LOSS,28,-14.57
AMAT,long,113,2025-03-24,2025-04-04,153.93,127.81,-2951.96,STOP_LOSS,11,-16.97
C,long,120,2025-03-11,2025-04-07,65.28,54.48,-1295.63,STOP_LOSS,27,-16.54
CSCO,long,329,2025-03-24,2025-04-07,59.05,51.98,-2324.55,STOP_LOSS,14,-11.97
LLY,long,23,2025-03-28,2025-04-07,812.57,691.61,-2782.19,STOP_LOSS,10,-14.89
JNJ,short,58,2025-03-11,2025-04-08,161.74,148.57,763.59,T3_HIT,28,8.14
PG,short,27,2025-03-11,2025-04-08,169.85,156.79,352.63,T2_HIT,28,7.69
MSFT,long,51,2025-04-01,2025-04-08,371.0,364.67,-322.72,STOP_LOSS,7,-1.71
IWM,long,24,2025-04-07,2025-04-08,172.05,183.27,269.33,T1_HIT,1,6.52
AMD,long,105,2025-04-08,2025-04-09,86.15,79.22,-727.65,STOP_LOSS,1,-8.04
NKE,long,48,2025-04-08,2025-04-09,56.82,51.51,-254.79,T1_HIT,1,-9.34
GS,long,6,2025-04-08,2025-04-09,476.24,440.26,-215.9,T1_HIT,1,-7.56
CAT,long,13,2025-04-07,2025-04-10,271.23,291.56,264.2,T1_HIT,3,7.49
CSCO,long,80,2025-04-08,2025-04-10,53.31,56.31,239.96,T1_HIT,2,5.63
GS,long,6,2025-04-08,2025-04-10,476.24,490.73,86.91,T2_HIT,2,3.04
AAPL,long,13,2025-04-11,2025-04-14,185.12,210.33,327.69,T1_HIT,3,13.62
AAPL,long,13,2025-04-11,2025-04-15,185.12,200.8,203.8,T2_HIT,4,8.47
GS,long,10,2025-04-08,2025-04-24,476.24,514.14,378.94,T3_HIT,16,7.96
HD,long,42,2025-03-24,2025-04-29,343.3,344.53,51.64,POST_T1_STOP,36,0.36
CAT,long,13,2025-04-07,2025-04-29,271.23,301.18,389.25,T2_HIT,22,11.04
IWM,long,24,2025-04-07,2025-04-29,172.05,191.94,477.31,T2_HIT,22,11.56
AAPL,long,25,2025-04-11,2025-05-01,185.12,207.98,571.48,T3_HIT,20,12.35
CAT,long,27,2025-04-07,2025-05-05,271.23,315.38,1191.84,T3_HIT,28,16.27
CSCO,long,80,2025-04-08,2025-05-05,53.31,57.46,331.89,T2_HIT,27,7.78
SBUX,long,40,2025-05-01,2025-05-05,78.09,81.27,127.32,T1_HIT,4,4.08
NKE,long,48,2025-04-08,2025-05-09,56.82,57.18,17.17,T2_HIT,31,0.63
IWM,long,48,2025-04-07,2025-05-13,172.05,206.21,1639.67,T3_HIT,36,19.85
CSCO,long,161,2025-04-08,2025-05-13,53.31,60.07,1088.13,T3_HIT,35,12.68
NKE,long,97,2025-04-08,2025-05-13,56.82,60.54,360.14,T3_HIT,35,6.53
SBUX,long,40,2025-05-01,2025-05-13,78.09,83.08,199.69,T2_HIT,12,6.39
UNH,long,7,2025-05-16,2025-05-19,270.09,294.73,172.48,T1_HIT,3,9.12
MSFT,short,42,2025-05-02,2025-05-20,427.53,451.98,-1026.73,STOP_LOSS,18,-5.72
UNH,long,7,2025-05-16,2025-05-20,270.09,310.35,281.81,T2_HIT,4,14.91
UNH,long,14,2025-05-16,2025-05-21,270.09,291.08,293.93,T3_HIT,5,7.77
AMZN,short,19,2025-05-13,2025-05-22,211.08,201.38,184.3,T1_HIT,9,4.6
KO,long,68,2025-05-13,2025-06-02,67.2,69.55,160.21,T1_HIT,20,3.51
MU,short,141,2025-05-13,2025-06-04,92.31,102.12,-1382.51,STOP_LOSS,22,-10.62
GS,short,31,2025-05-13,2025-06-04,578.71,593.53,-459.55,TIME_STOP,22,-2.56
COP,long,56,2025-06-02,2025-06-05,84.26,84.05,-11.38,T1_HIT,3,-0.24
SBUX,long,80,2025-05-01,2025-06-09,78.09,86.79,696.36,T3_HIT,39,11.15
XOM,long,46,2025-06-02,2025-06-11,100.55,104.43,178.76,T1_HIT,9,3.87
MU,short,153,2025-06-06,2025-06-11,107.81,115.31,-1147.63,STOP_LOSS,5,-6.96
COP,long,56,2025-06-02,2025-06-12,84.26,89.73,306.25,T2_HIT,10,6.49
GOOGL,short,106,2025-05-23,2025-06-16,168.38,174.23,-620.92,TIME_STOP,24,-3.48
XOM,long,46,2025-06-02,2025-06-16,100.55,108.37,359.75,T2_HIT,14,7.78
COP,long,111,2025-06-02,2025-06-16,84.26,93.04,974.47,T3_HIT,14,10.42
LMT,long,10,2025-06-12,2025-06-16,445.3,469.35,240.51,T1_HIT,4,5.4
XOM,long,93,2025-06-02,2025-06-18,100.55,111.07,978.78,T3_HIT,16,10.47
AMZN,short,57,2025-05-13,2025-06-23,211.08,209.79,73.53,POST_T1_STOP,41,0.61
AMD,short,129,2025-06-18,2025-06-25,128.01,140.94,-1667.97,STOP_LOSS,7,-10.1
GOOGL,long,28,2025-06-24,2025-06-26,166.45,171.94,153.84,T1_HIT,2,3.3
GOOGL,long,28,2025-06-24,2025-06-30,166.45,180.27,386.98,T2_HIT,6,8.3
KO,long,205,2025-05-13,2025-07-01,67.2,69.03,377.04,POST_T1_STOP,49,2.74
MCD,long,60,2025-06-10,2025-07-02,292.9,291.02,-113.06,TIME_STOP,22,-0.64
CVX,short,131,2025-06-11,2025-07-03,138.39,141.9,-458.93,TIME_STOP,22,-2.53
JPM,short,68,2025-06-23,2025-07-07,268.6,289.71,-1435.14,STOP_LOSS,14,-7.86
CSCO,short,286,2025-06-20,2025-07-14,64.75,66.45,-486.83,TIME_STOP,24,-2.63
PG,short,54,2025-03-11,2025-07-15,169.85,149.27,1111.78,T3_HIT,126,12.12
LMT,long,31,2025-06-12,2025-07-15,445.3,460.86,482.37,POST_T1_STOP,33,3.49
QCOM,short,29,2025-06-30,2025-07-17,155.12,149.84,153.08,T1_HIT,17,3.4
GOOGL,long,55,2025-06-24,2025-07-21,166.45,185.72,1060.13,T3_HIT,27,11.58
AMD,short,27,2025-07-16,2025-07-23,155.31,156.32,-27.27,T1_HIT,7,-0.65
AMD,short,81,2025-07-16,2025-07-29,155.31,175.21,-1611.9,STOP_LOSS,13,-12.81
QCOM,short,29,2025-06-30,2025-08-01,155.12,143.44,338.83,T2_HIT,32,7.53
AMD,short,25,2025-07-30,2025-08-04,175.61,174.61,25.0,T1_HIT,5,0.57
AMD,short,25,2025-07-30,2025-08-07,175.61,166.84,219.25,T2_HIT,8,4.99
AMAT,long,25,2025-08-01,2025-08-12,175.31,184.38,226.59,T1_HIT,11,5.17
IWM,long,22,2025-08-04,2025-08-13,214.32,225.91,254.97,T1_HIT,9,5.41
GOOGL,short,94,2025-07-25,2025-08-18,191.43,203.62,-1145.41,TIME_STOP,24,-6.37
AMAT,long,76,2025-08-01,2025-08-18,175.31,160.63,-1115.85,STOP_LOSS,17,-8.37
META,short,6,2025-08-01,2025-08-21,758.24,742.28,95.81,T1_HIT,20,2.11
MU,short,33,2025-08-12,2025-08-21,124.5,116.81,253.69,T1_HIT,9,6.17
UNH,short,13,2025-08-19,2025-08-21,300.84,294.41,83.69,T1_HIT,2,2.14
IWM,long,22,2025-08-04,2025-08-25,214.32,231.73,383.0,T2_HIT,21,8.12
XOM,long,44,2025-08-06,2025-08-25,104.96,108.47,154.44,T1_HIT,19,3.34
XOM,long,44,2025-08-06,2025-09-02,104.96,111.68,295.61,T2_HIT,27,6.4
AMD,short,50,2025-07-30,2025-09-08,175.61,151.8,1190.5,T3_HIT,40,13.56
MU,short,100,2025-08-12,2025-09-10,124.5,139.8,-1529.54,STOP_LOSS,29,-12.29
UNH,short,39,2025-08-19,2025-09-10,300.84,336.55,-1392.45,STOP_LOSS,22,-11.87
NVDA,long,27,2025-09-03,2025-09-11,170.83,179.45,232.7,T1_HIT,8,5.05
IWM,long,42,2025-08-04,2025-09-12,214.32,237.73,983.09,T3_HIT,39,10.92
MU,short,126,2025-09-11,2025-09-12,147.48,153.3,-733.4,STOP_LOSS,1,-3.95
MU,short,107,2025-09-12,2025-09-19,153.3,162.49,-982.82,STOP_LOSS,7,-5.99
META,short,17,2025-08-01,2025-09-22,758.24,779.82,-366.81,POST_T1_STOP,52,-2.85
NVDA,long,27,2025-09-03,2025-09-23,170.83,181.74,294.45,T2_HIT,20,6.38
QCOM,short,58,2025-06-30,2025-09-24,155.12,166.5,-660.17,STOP_LOSS,86,-7.34
AAPL,short,74,2025-09-17,2025-09-24,238.3,254.5,-1199.11,STOP_LOSS,7,-6.8
MU,short,24,2025-09-24,2025-09-25,164.82,157.14,184.26,T1_HIT,1,4.66
AMAT,short,92,2025-09-22,2025-09-30,192.33,203.45,-1023.08,STOP_LOSS,8,-5.78
ABBV,short,81,2025-09-22,2025-10-02,215.77,233.64,-1447.91,STOP_LOSS,10,-8.28
MU,short,74,2025-09-24,2025-10-02,164.82,184.66,-1468.76,STOP_LOSS,8,-12.04
WMT,short,42,2025-09-18,2025-10-03,103.16,100.85,96.86,T1_HIT,15,2.24
NFLX,long,36,2025-10-03,2025-10-09,116.5,121.43,177.3,T1_HIT,6,4.23
AMD,short,56,2025-10-07,2025-10-09,214.85,236.3,-1201.2,STOP_LOSS,2,-9.98
NVDA,long,54,2025-09-03,2025-10-10,170.83,193.26,1211.28,T3_HIT,37,13.13
MCD,long,58,2025-09-19,2025-10-13,296.23,289.25,-404.33,TIME_STOP,24,-2.35
HON,long,85,2025-09-22,2025-10-14,202.99,195.86,-605.85,TIME_STOP,22,-3.51
META,long,23,2025-10-02,2025-10-24,720.71,734.88,325.98,TIME_STOP,22,1.97
GS,long,6,2025-10-20,2025-10-27,746.03,777.57,189.22,T1_HIT,7,4.23
INTC,short,287,2025-10-27,2025-10-29,38.39,41.6,-921.27,STOP_LOSS,2,-8.36
MSFT,short,8,2025-10-29,2025-11-03,541.51,516.54,199.77,T1_HIT,5,4.61
WMT,short,127,2025-09-18,2025-11-04,103.16,101.52,208.3,POST_T1_STOP,47,1.59
NVDA,short,20,2025-10-30,2025-11-05,204.89,198.52,127.44,T1_HIT,6,3.11
MCD,long,14,2025-11-04,2025-11-06,292.8,298.74,83.16,T1_HIT,2,2.03
MS,short,101,2025-10-16,2025-11-07,160.35,160.46,-10.68,TIME_STOP,22,-0.07
MSFT,short,8,2025-10-29,2025-11-07,541.51,493.82,381.5,T2_HIT,9,8.81
NVDA,short,20,2025-10-30,2025-11-07,204.89,184.66,404.48,T2_HIT,8,9.87
AMZN,short,16,2025-11-04,2025-11-07,250.38,242.9,119.68,T1_HIT,3,2.99
NFLX,long,107,2025-10-03,2025-11-10,116.5,110.67,-623.6,POST_T1_STOP,38,-5.0
NVDA,short,38,2025-10-30,2025-11-10,204.89,194.86,381.03,T3_HIT,11,4.89
META,long,24,2025-10-31,2025-11-10,672.76,629.45,-1039.38,STOP_LOSS,10,-6.44
MU,short,12,2025-11-07,2025-11-10,233.8,247.72,-167.0,T1_HIT,3,-5.95
XOM,long,87,2025-08-06,2025-11-12,104.96,116.49,1003.17,T3_HIT,98,10.99
GS,long,6,2025-10-20,2025-11-12,746.03,802.34,337.81,T2_HIT,23,7.55
GE,short,54,2025-10-22,2025-11-13,306.42,308.79,-128.03,TIME_STOP,22,-0.77
GS,long,10,2025-10-20,2025-11-14,746.03,784.03,379.92,T3_HIT,25,5.09
AMZN,short,16,2025-11-04,2025-11-17,250.38,233.25,274.08,T2_HIT,13,6.84
MU,short,37,2025-11-07,2025-11-18,233.8,235.25,-53.6,STOP_LOSS,11,-0.62
AMZN,short,31,2025-11-04,2025-11-19,250.38,223.74,825.84,T3_HIT,15,10.64
MSFT,short,14,2025-10-29,2025-11-21,541.51,476.38,911.85,T3_HIT,23,12.03
GOOGL,short,58,2025-11-18,2025-11-25,287.36,325.57,-2216.48,STOP_LOSS,7,-13.3
MS,long,27,2025-11-24,2025-11-26,159.59,165.18,150.9,T1_HIT,2,3.5
MRK,short,176,2025-11-24,2025-11-26,96.86,102.22,-942.5,STOP_LOSS,2,-5.53
JPM,long,14,2025-11-24,2025-12-01,294.06,308.57,203.06,T1_HIT,7,4.93
NKE,long,69,2025-11-19,2025-12-02,61.08,64.44,232.08,T1_HIT,13,5.51
MS,long,27,2025-11-24,2025-12-04,159.59,172.44,346.94,T2_HIT,10,8.05
MCD,long,41,2025-11-04,2025-12-08,292.8,308.18,630.5,POST_T1_STOP,34,5.25
CSCO,short,220,2025-11-14,2025-12-08,75.48,77.09,-353.45,TIME_STOP,24,-2.13
MS,long,53,2025-11-24,2025-12-08,159.59,175.08,821.02,T3_HIT,14,9.71
NVDA,long,17,2025-11-24,2025-12-09,179.26,185.33,103.23,T1_HIT,15,3.39
NFLX,long,164,2025-12-05,2025-12-11,98.78,93.9,-800.32,STOP_LOSS,6,-4.94
NKE,long,69,2025-11-19,2025-12-12,61.08,67.12,416.86,T2_HIT,23,9.89
GE,long,15,2025-12-11,2025-12-15,281.0,298.85,267.77,T1_HIT,4,6.35
JPM,long,14,2025-11-24,2025-12-16,294.06,314.62,287.81,T2_HIT,22,6.99
JNJ,short,84,2025-11-24,2025-12-16,200.2,211.65,-961.65,TIME_STOP,22,-5.72
GE,long,15,2025-12-11,2025-12-16,281.0,296.52,232.8,T2_HIT,5,5.52
MS,short,24,2025-12-12,2025-12-19,179.19,171.59,182.57,T1_HIT,7,4.25
NKE,long,138,2025-11-19,2025-12-24,61.08,57.97,-428.54,STOP_LOSS,35,-5.08
GE,long,29,2025-12-11,2025-12-24,281.0,314.78,979.62,T3_HIT,13,12.02
C,short,152,2025-12-19,2025-12-26,112.08,120.45,-1271.73,STOP_LOSS,7,-7.46
NVDA,long,17,2025-11-24,2026-01-06,179.26,190.29,187.45,T2_HIT,43,6.15
JPM,long,29,2025-11-24,2026-01-06,294.06,329.44,1025.96,T3_HIT,43,12.03
COP,short,42,2026-01-06,2026-01-08,98.69,92.98,239.94,T1_HIT,2,5.79
LMT,short,8,2026-01-07,2026-01-08,519.16,525.66,-52.02,T1_HIT,1,-1.25
HON,short,81,2025-12-18,2026-01-09,208.44,212.4,-321.14,TIME_STOP,22,-1.9
LMT,short,24,2026-01-07,2026-01-15,519.16,562.0,-1028.21,STOP_LOSS,8,-8.25
MS,short,70,2025-12-12,2026-01-21,179.19,180.5,-91.4,POST_T1_STOP,40,-0.73
NFLX,long,185,2026-01-12,2026-01-22,89.69,85.02,-863.95,STOP_LOSS,10,-5.21
INTC,short,229,2026-01-21,2026-01-22,50.32,54.21,-890.81,STOP_LOSS,1,-7.73
AMD,short,57,2026-01-21,2026-01-22,235.99,251.75,-898.32,STOP_LOSS,1,-6.68
BA,short,16,2026-01-23,2026-01-28,252.74,244.09,138.4,T1_HIT,5,3.42
MRK,short,38,2026-01-09,2026-01-29,109.27,105.78,132.58,T1_HIT,20,3.19
BA,short,16,2026-01-23,2026-02-02,252.74,232.64,321.6,T2_HIT,10,7.95
COP,short,128,2026-01-06,2026-02-05,98.69,105.34,-851.0,STOP_LOSS,30,-6.74
MRK,short,114,2026-01-09,2026-02-05,109.27,116.6,-835.91,STOP_LOSS,27,-6.71
AMAT,short,12,2026-01-16,2026-02-05,324.91,299.32,307.04,T1_HIT,20,7.87
AMAT,short,12,2026-01-16,2026-02-06,324.91,308.64,195.23,T2_HIT,21,5.01
JNJ,short,74,2026-01-23,2026-02-06,217.39,236.34,-1402.28,STOP_LOSS,14,-8.72
MSFT,long,36,2026-01-30,2026-02-06,437.22,397.4,-1433.62,STOP_LOSS,7,-9.11
QCOM,long,24,2026-02-06,2026-02-12,135.5,139.45,94.8,T1_HIT,6,2.92
NFLX,long,187,2026-01-22,2026-02-13,85.02,76.14,-1660.56,STOP_LOSS,22,-10.44
AMAT,short,25,2026-01-16,2026-02-17,324.91,350.13,-630.43,STOP_LOSS,32,-7.76
AMAT,short,27,2026-02-17,2026-02-26,350.13,391.31,-1112.02,STOP_LOSS,9,-11.76
MRK,short,132,2026-02-05,2026-02-27,116.6,117.95,-178.23,TIME_STOP,22,-1.16
KO,short,202,2026-02-05,2026-02-27,76.79,79.87,-621.92,TIME_STOP,22,-4.01
BAC,long,73,2026-02-25,2026-02-27,49.79,50.53,54.16,T1_HIT,2,1.49
AMZN,long,65,2026-02-09,2026-03-03,208.97,203.1,-381.55,TIME_STOP,22,-2.81
BA,short,31,2026-01-23,2026-03-04,252.74,226.38,817.16,T3_HIT,40,10.43
CAT,short,5,2026-02-11,2026-03-04,755.84,734.33,107.55,T1_HIT,21,2.85
XOM,short,24,2026-03-03,2026-03-05,154.38,149.98,105.6,T1_HIT,2,2.85
CAT,short,5,2026-02-11,2026-03-09,755.84,662.73,465.55,T2_HIT,26,12.32
COP,short,31,2026-03-04,2026-03-11,115.53,113.8,53.54,T1_HIT,7,1.49
BA,long,65,2026-03-10,2026-03-13,224.1,205.0,-1241.5,STOP_LOSS,3,-8.52
QCOM,long,72,2026-02-06,2026-03-16,135.5,130.59,-353.43,POST_T1_STOP,38,-3.62
MU,short,4,2026-03-17,2026-03-20,452.28,443.67,34.46,T1_HIT,3,1.9
COP,short,94,2026-03-04,2026-03-23,115.53,122.72,-675.54,STOP_LOSS,19,-6.22
JPM,long,49,2026-03-02,2026-03-24,291.99,283.44,-419.32,TIME_STOP,22,-2.93
MU,short,4,2026-03-17,2026-03-24,452.28,401.05,204.92,T2_HIT,7,11.33
XOM,short,71,2026-03-03,2026-03-25,154.38,162.77,-595.2,STOP_LOSS,22,-5.43
MU,short,10,2026-03-17,2026-03-26,452.28,369.81,824.73,T3_HIT,9,18.23
MU,long,18,2026-03-26,2026-03-27,369.81,359.65,-182.78,STOP_LOSS,1,-2.75
NVDA,long,33,2025-11-24,2026-03-31,179.26,166.78,-412.03,STOP_LOSS,127,-6.97
BAC,long,220,2026-02-25,2026-03-31,49.79,47.43,-518.07,POST_T1_STOP,34,-4.73
BA,long,16,2026-03-20,2026-04-02,201.05,203.0,31.2,T1_HIT,13,0.97
WMT,long,29,2026-03-20,2026-04-06,120.4,125.57,149.93,T1_HIT,17,4.29
AAPL,long,14,2026-03-23,2026-04-07,253.74,255.92,30.63,T1_HIT,15,0.86
BA,long,16,2026-03-20,2026-04-09,201.05,216.0,239.2,T2_HIT,20,7.44
GE,long,11,2026-03-20,2026-04-09,289.64,305.62,175.78,T1_HIT,20,5.52
GE,long,11,2026-03-20,2026-04-10,289.64,312.69,253.56,T2_HIT,21,7.96
QCOM,long,28,2026-04-07,2026-04-14,124.61,131.71,198.91,T1_HIT,7,5.7
NKE,long,59,2026-04-06,2026-04-17,43.77,45.97,129.82,T1_HIT,11,5.03
CAT,short,10,2026-02-11,2026-04-20,755.84,789.44,-335.99,STOP_LOSS,68,-4.45
BA,long,30,2026-03-20,2026-04-20,201.05,222.23,635.4,T3_HIT,31,10.53
AAPL,long,14,2026-03-23,2026-04-20,253.74,270.08,228.83,T2_HIT,28,6.44
QCOM,long,28,2026-04-07,2026-04-20,124.61,135.91,316.35,T2_HIT,13,9.07
WMT,long,29,2026-03-20,2026-04-24,120.4,131.69,327.37,T2_HIT,35,9.38
QCOM,long,58,2026-04-07,2026-04-27,124.61,155.73,1805.25,T3_HIT,20,24.98
BAC,short,68,2026-04-16,2026-04-27,53.76,51.72,138.68,T1_HIT,11,3.79
INTC,short,154,2026-04-24,2026-04-27,82.2,83.67,-226.38,STOP_LOSS,3,-1.79
QCOM,short,24,2026-04-28,2026-04-29,144.55,150.89,-152.32,T1_HIT,1,-4.39
JPM,short,47,2026-04-09,2026-05-01,305.57,312.54,-327.53,TIME_STOP,22,-2.28
MSFT,short,9,2026-04-20,2026-05-01,420.24,411.91,74.99,T1_HIT,11,1.98
QCOM,short,74,2026-04-28,2026-05-01,144.55,178.47,-2510.43,STOP_LOSS,3,-23.47
AAPL,long,28,2026-03-23,2026-05-04,253.74,279.4,718.66,T3_HIT,42,10.12
UNH,short,42,2026-04-22,2026-05-11,348.89,378.29,-1234.89,STOP_LOSS,19,-8.43
